time,cycle_id,side,reason,reference_price,fill_price,qty,position_qty,average_price,notional,fee,slippage_cost,p_unsafe,ml_on,gross_pnl,ambiguous_bar
2020-01-01 00:00:00+00:00,1,BUY,Base,7189.43,7193.024715,0.041,0.041,7193.024715,294.914013315,0.1474570066575,0.14738331499997004,,True,,False
2020-01-03 01:35:00+00:00,1,BUY,SO1,6905.3037263999995,6908.756378263199,0.037,0.078,7058.179478342799,255.62398599573834,0.12781199299786916,0.12774811893837068,,True,,False
2020-01-03 04:40:00+00:00,1,SELL,trailing_stop_same_bar,7018.14,7014.63093,0.078,0.0,7058.179478342799,547.14121254,0.27357060627,0.27370746000000507,,True,-3.3967867707382684,True
2020-01-03 08:00:00+00:00,2,BUY,Base,7198.02,7201.61901,0.041,0.041,7201.61901,295.26637941,0.147633189705,0.1475594099999962,,True,,False
2020-01-03 09:05:00+00:00,2,SELL,trailing_stop_same_bar,7270.97,7267.3345150000005,0.041,0.0,7201.61901,297.960715115,0.14898035755750003,0.14905488499999137,,True,2.694335705000005,True
2020-01-03 12:00:00+00:00,3,BUY,Base,7338.4,7342.069199999999,0.04,0.04,7342.069199999999,293.68276799999995,0.146841384,0.14676799999997456,,True,,False
2020-01-05 01:15:00+00:00,3,SELL,trailing_stop_same_bar,7391.28,7387.58436,0.04,0.0,7342.069199999999,295.5033744,0.14775168719999998,0.14782559999999648,,True,1.8206064000000333,True
2020-01-05 04:00:00+00:00,4,BUY,Base,7475.19,7478.927594999999,0.04,0.04,7478.927594999999,299.15710379999996,0.1495785519,0.14950379999998403,,True,,False
2020-01-06 13:50:00+00:00,4,SELL,trailing_stop_same_bar,7558.05,7554.270975,0.04,0.0,7478.927594999999,302.170839,0.1510854195,0.15116099999999277,,True,3.0137352000000464,True
2020-01-06 16:00:00+00:00,5,BUY,Base,7516.03,7519.788014999999,0.039,0.039,7519.788015,293.271732585,0.1466358662925,0.14656258499997785,,True,,False
2020-01-06 22:10:00+00:00,5,SELL,trailing_stop_same_bar,7585.32,7581.527340000001,0.039,0.0,7519.788015,295.67956626,0.14783978313,0.1479137399999672,,True,2.407833675000018,True
2020-01-07 00:00:00+00:00,6,BUY,Base,7757.74,7761.618869999999,0.038,0.038,7761.618869999999,294.94151705999997,0.14747075853,0.14739705999998295,,True,,False
2020-01-07 00:15:00+00:00,6,SELL,trailing_stop_same_bar,7855.23,7851.302385,0.038,0.0,7761.618869999999,298.34949063,0.149174745315,0.14924936999998498,,True,3.4079735700000238,True
2020-01-07 04:00:00+00:00,7,BUY,Base,7899.0,7902.9495,0.038,0.038,7902.9495,300.312081,0.1501560405,0.15008099999998922,,True,,False
2020-01-07 18:25:00+00:00,7,SELL,trailing_stop_same_bar,7984.53,7980.537735,0.038,0.0,7902.9495,303.26043393,0.15163021696499998,0.15170606999999472,,True,2.948352930000006,True
2020-01-07 20:00:00+00:00,8,BUY,Base,8077.71,8081.748855,0.037,0.037,8081.748855,299.02470763499997,0.1495123538175,0.14943763499999205,,True,,False
2020-01-07 23:45:00+00:00,8,SELL,trailing_stop_same_bar,8174.25335,8170.166223325001,0.037,0.0,8081.748855,302.296150263025,0.15114807513151252,0.15122368697496766,,True,3.2714426280250373,True
2020-01-08 00:00:00+00:00,9,BUY,Base,8150.9,8154.975449999999,0.037,0.037,8154.975449999998,301.7340916499999,0.15086704582499996,0.15079164999997646,,True,,False
2020-01-08 00:05:00+00:00,9,SELL,trailing_stop_same_bar,8226.13,8222.016935,0.037,0.0,8154.975449999998,304.21462659499997,0.1521073132975,0.1521834049999834,,True,2.4805349450000573,True
2020-01-08 04:00:00+00:00,10,BUY,Base,8302.97,8307.121485,0.036000000000000004,0.036000000000000004,8307.121485,299.05637346000003,0.14952818673,0.14945346000001156,,True,,False
2020-01-08 19:45:00+00:00,10,BUY,SO1,7974.836625599999,7978.8240439127985,0.032,0.068,8152.628571547199,255.32236940520957,0.1276611847026048,0.12759738600958373,,True,,False
2020-01-11 21:40:00+00:00,10,SELL,trailing_stop_same_bar,8210.74,8206.63463,0.068,0.0,8152.628571547199,558.0511548400001,0.27902557742000006,0.27916515999995317,,True,3.672411974790528,True
2020-01-12 00:00:00+00:00,11,BUY,Base,8020.58,8024.590289999999,0.037,0.037,8024.590289999998,296.9098407299999,0.14845492036499996,0.14838072999997257,,True,,False
2020-01-12 06:30:00+00:00,11,SELL,trailing_stop,8114.225,8110.167887500001,0.037,0.0,8024.590289999998,300.0762118375,0.15003810591875,0.150113162499988,,True,3.166371107500089,False
2020-01-12 08:00:00+00:00,12,BUY,Base,8099.33,8103.3796649999995,0.037,0.037,8103.3796649999995,299.82504760499995,0.14991252380249998,0.14983760499998333,,True,,False
2020-01-14 00:40:00+00:00,12,SELL,trailing_stop_same_bar,8202.0,8197.899000000001,0.037,0.0,8103.3796649999995,303.322263,0.15166113150000002,0.1517369999999537,,True,3.4972153950000653,True
2020-01-14 04:00:00+00:00,13,BUY,Base,8469.54,8473.77477,0.035,0.035,8473.77477,296.58211695,0.14829105847500001,0.1482169499999691,,True,,False
2020-01-14 12:30:00+00:00,13,SELL,trailing_stop_same_bar,8536.01,8531.741995,0.035,0.0,8473.77477,298.61096982500004,0.14930548491250004,0.14938017499999662,,True,2.0288528750000117,True
2020-01-14 16:00:00+00:00,14,BUY,Base,8686.0,8690.342999999999,0.034,0.034,8690.342999999999,295.471662,0.14773583099999998,0.1476619999999639,,True,,False
2020-01-14 17:45:00+00:00,14,SELL,trailing_stop_same_bar,8784.05,8779.657975,0.034,0.0,8690.342999999999,298.50837115,0.149254185575,0.1493288499999726,,True,3.036709150000039,True
2020-01-14 20:00:00+00:00,15,BUY,Base,8776.61,8780.998305000001,0.034,0.034,8780.998305000001,298.5539423700001,0.14927697118500005,0.14920237000001363,,True,,False
2020-01-15 00:25:00+00:00,15,SELL,trailing_stop_same_bar,8873.9075,8869.47054625,0.034,0.0,8780.998305000001,301.56199857250004,0.15078099928625002,0.15085642749995898,,True,3.0080562024999855,True
2020-01-15 04:00:00+00:00,16,BUY,Base,8730.08,8734.445039999999,0.034,0.034,8734.445039999999,296.97113135999996,0.14848556568,0.14841135999995822,,True,,False
2020-01-15 13:55:00+00:00,16,SELL,trailing_stop_same_bar,8876.594000000001,8872.155703000002,0.034,0.0,8734.445039999999,301.6532939020001,0.15082664695100004,0.15090209799995866,,True,4.6821625420001185,True
2020-01-15 16:00:00+00:00,17,BUY,Base,8768.17,8772.554085,0.034,0.034,8772.554085,298.26683889000003,0.14913341944500003,0.14905888999998934,,True,,False
2020-01-17 06:00:00+00:00,17,SELL,trailing_stop_same_bar,8897.98,8893.53101,0.034,0.0,8772.554085,302.38005434,0.15119002717000002,0.15126565999996455,,True,4.1132154500000295,True
2020-01-17 08:00:00+00:00,18,BUY,Base,8943.99,8948.461995,0.034,0.034,8948.461995,304.24770783,0.15212385391500002,0.1520478299999959,,True,,False
2020-01-19 01:00:00+00:00,18,SELL,trailing_stop_same_bar,8981.86,8977.36907,0.034,0.0,8948.461995,305.23054838,0.15261527419,0.1526916199999978,,True,0.9828405500000336,True
2020-01-19 04:00:00+00:00,19,BUY,Base,9165.18,9169.76259,0.033,0.033,9169.76259,302.60216547000005,0.15130108273500004,0.15122546999999942,,True,,False
2020-01-19 11:00:00+00:00,19,BUY,SO1,8802.9720864,8807.373572443199,0.03,0.063,8997.196391163428,264.22120717329597,0.13211060358664797,0.13204458129599517,,True,,False
2020-01-23 13:55:00+00:00,19,BUY,SO2,8344.483956900001,8348.65619887845,0.031,0.094,8783.31611498434,258.808342165232,0.12940417108261598,0.12933950133192412,,True,,False
2020-01-27 19:20:00+00:00,19,SELL,trailing_stop_same_bar,8897.7,8893.251150000002,0.094,0.0,8783.31611498434,835.9656081000002,0.4179828040500001,0.4181918999998925,,True,10.33389329147222,True
2020-01-27 20:00:00+00:00,20,BUY,Base,8934.04,8938.507020000001,0.034,0.034,8938.507020000001,303.90923868000004,0.15195461934,0.15187868000000163,,True,,False
2020-01-28 00:40:00+00:00,20,SELL,trailing_stop_same_bar,9046.96785,9042.444366075002,0.034,0.0,8938.507020000001,307.44310844655007,0.15372155422327505,0.1537984534499592,,True,3.5338697665500405,True
2020-01-28 04:00:00+00:00,21,BUY,Base,9124.53,9129.092265,0.033,0.033,9129.092265,301.260044745,0.1506300223725,0.1505547449999558,,True,,False
2020-01-28 23:35:00+00:00,21,SELL,trailing_stop_same_bar,9199.82,9195.22009,0.033,0.0,9129.092265,303.44226297000006,0.15172113148500002,0.151797029999967,,True,2.182218225000046,True
2020-01-29 00:00:00+00:00,22,BUY,Base,9399.72,9404.419859999998,0.032,0.032,9404.419859999998,300.94143551999997,0.15047071775999998,0.15039551999996184,,True,,False
2020-01-30 20:20:00+00:00,22,SELL,trailing_stop_same_bar,9522.83655,9518.075131725,0.032,0.0,9404.419859999998,304.5784042152,0.1522892021076,0.15236538480001036,,True,3.6369686952000486,True
2020-01-31 00:00:00+00:00,23,BUY,Base,9525.67,9530.432835,0.032,0.032,9530.432835,304.97385072,0.15248692536,0.15241071999998532,,True,,False
2020-02-04 11:25:00+00:00,23,BUY,SO1,9149.2155216,9153.7901293608,0.029,0.061,9351.373188056774,265.4599137514632,0.1327299568757316,0.13266362506320184,,True,,False
2020-02-05 12:05:00+00:00,23,SELL,trailing_stop_same_bar,9442.1,9437.37895,0.061,0.0,9351.373188056774,575.68011595,0.287840057975,0.2879840500000064,,True,5.24635147853681,True
2020-02-05 16:00:00+00:00,24,BUY,Base,9500.28,9505.03014,0.032,0.032,9505.03014,304.16096448,0.15208048224,0.15200448000000324,,True,,False
2020-02-05 18:05:00+00:00,24,SELL,trailing_stop_same_bar,9599.8197,9595.019790150001,0.032,0.0,9505.03014,307.04063328480004,0.1535203166424,0.15359711519995473,,True,2.8796688048000214,True
2020-02-05 20:00:00+00:00,25,BUY,Base,9681.36,9686.20068,0.031,0.031,9686.20068,300.27222108,0.15013611054,0.15006107999997947,,True,,False
2020-02-06 13:25:00+00:00,25,SELL,trailing_stop,9825.9832,9821.0702084,0.031,0.0,9686.20068,304.4531764604,0.15222658823020002,0.15230273960000523,,True,4.1809553804000155,False
2020-02-06 16:00:00+00:00,26,BUY,Base,9800.13,9805.030064999999,0.031,0.031,9805.030064999999,303.955932015,0.1519779660075,0.1519020149999942,,True,,False
2020-02-08 22:05:00+00:00,26,SELL,trailing_stop,9906.22,9901.26689,0.031,0.0,9805.030064999999,306.93927359,0.15346963679500003,0.15354640999995536,,True,2.983341575000055,False
2020-02-09 00:00:00+00:00,27,BUY,Base,9906.09,9911.043045,0.031,0.031,9911.043045,307.242334395,0.1536211671975,0.15354439500000627,,True,,False
2020-02-09 04:10:00+00:00,27,SELL,trailing_stop_same_bar,10099.07,10094.020465,0.031,0.0,9911.043045,312.91463441499997,0.15645731720749997,0.15653558500000325,,True,5.672300019999977,True
2020-02-09 08:00:00+00:00,28,BUY,Base,10136.72,10141.788359999999,0.03,0.03,10141.788359999999,304.25365079999995,0.15212682539999997,0.15205079999997906,,True,,False
2020-02-11 01:15:00+00:00,28,BUY,SO1,9736.116825599998,9740.984884012798,0.027,0.056999999999999995,9951.934081900798,263.00659186834554,0.13150329593417276,0.1314375771455907,,True,,False
2020-02-11 15:40:00+00:00,28,SELL,trailing_stop_same_bar,10066.96,10061.926519999999,0.056999999999999995,0.0,9951.934081900798,573.5298116399999,0.28676490581999997,0.2869083600000031,,True,6.269568971654487,True
2020-02-11 16:00:00+00:00,29,BUY,Base,10204.89,10209.992444999998,0.03,0.03,10209.992444999998,306.29977334999995,0.15314988667499999,0.15307334999995872,,True,,True
2020-02-11 16:00:00+00:00,29,SELL,trailing_stop_same_bar,10204.89,10199.787555,0.03,0.0,10209.992444999998,305.99362665,0.152996813325,0.15307334999995872,,True,-0.30614669999991745,True
2020-02-11 20:00:00+00:00,30,BUY,Base,10287.45,10292.593725,0.03,0.03,10292.593725,308.77781175,0.154388905875,0.1543117499999971,,True,,False
2020-02-12 07:45:00+00:00,30,SELL,trailing_stop_same_bar,10427.5801,10422.366309949999,0.03,0.0,10292.593725,312.67098929849993,0.15633549464924998,0.1564137015000051,,True,3.8931775484999522,True
2020-02-12 08:00:00+00:00,31,BUY,Base,10371.76,10376.94588,0.03,0.03,10376.94588,311.3083764,0.1556541882,0.15557639999997264,,True,,False
2020-02-13 13:45:00+00:00,31,SELL,trailing_stop_same_bar,10440.0,10434.78,0.03,0.0,10376.94588,313.0434,0.1565217,0.15659999999998034,,True,1.7350236000000403,True
2020-02-13 16:00:00+00:00,32,BUY,Base,10264.86,10269.99243,0.03,0.03,10269.99243,308.0997729,0.15404988645,0.15397289999998975,,True,,False
2020-02-15 15:50:00+00:00,32,BUY,SO1,9859.1927328,9864.1223291664,0.027,0.056999999999999995,10077.7381717104,266.33130288749277,0.1331656514437464,0.13309910189277252,,True,,False
2020-02-18 21:00:00+00:00,32,SELL,trailing_stop_same_bar,10167.66,10162.57617,0.056999999999999995,0.0,10077.7381717104,579.26684169,0.289633420845,0.289778309999976,,True,4.83576590250722,True
2020-02-19 00:00:00+00:00,33,BUY,Base,10174.53,10179.617265,0.03,0.03,10179.617265,305.38851795,0.152694258975,0.15261795000000347,,True,,False
2020-02-19 21:45:00+00:00,33,BUY,SO1,9772.4325744,9777.318790687199,0.027,0.056999999999999995,9989.0548297992,263.9876073485544,0.13199380367427718,0.1319278397543785,,True,,False
2020-02-25 21:20:00+00:00,33,BUY,SO2,9263.45171115,9268.083437005575,0.029,0.086,9745.93656943856,268.7744196731617,0.13438720983658084,0.13432004981163664,,True,,False
2020-02-27 01:05:00+00:00,33,BUY,SO3,8550.8785026,8555.1539418513,0.031,0.11699999999999999,9430.430061274414,265.2097721973903,0.13260488609869514,0.1325386167902925,,True,,False
2020-03-12 06:25:00+00:00,33,BUY,SO4,7532.916776100001,7536.68323448805,0.036000000000000004,0.153,8984.8425726188,271.3205964415698,0.1356602982207849,0.13559250196978612,,True,,False
2020-03-12 10:45:00+00:00,33,BUY,SO5,6107.770359,6110.8242441795,0.044,0.197,8342.929849515605,268.876266743898,0.134438133371949,0.1343709478979981,,True,,False
2020-04-29 16:25:00+00:00,33,SELL,trailing_stop,8437.202000000001,8432.983399000002,0.197,0.0,8342.929849515605,1661.2977296030006,0.8306488648015004,0.8310643969997382,,True,17.740549248426227,False
2020-04-29 20:00:00+00:00,34,BUY,Base,8726.66,8731.02333,0.036000000000000004,0.036000000000000004,8731.02333,314.31683988000003,0.15715841994000002,0.1570798800000048,,True,,False
2020-04-29 20:45:00+00:00,34,SELL,trailing_stop_same_bar,8827.0828,8822.6692586,0.036000000000000004,0.0,8731.02333,317.61609330960005,0.15880804665480003,0.15888749039997493,,True,3.299253429600031,True
2020-04-30 00:00:00+00:00,35,BUY,Base,8784.05,8788.442024999998,0.036000000000000004,0.036000000000000004,8788.442024999998,316.3839129,0.15819195645,0.158112899999971,,True,,False
2020-04-30 02:55:00+00:00,35,SELL,trailing_stop_same_bar,8918.01,8913.550995000001,0.036000000000000004,0.0,8788.442024999998,320.8878358200001,0.16044391791000004,0.16052417999995672,,True,4.5039229200001065,True
2020-04-30 04:00:00+00:00,36,BUY,Base,9306.03,9310.683015,0.034,0.034,9310.683015,316.56322251000006,0.15828161125500004,0.15820250999999555,,True,,False
2020-04-30 06:05:00+00:00,36,SELL,trailing_stop_same_bar,9417.38,9412.67131,0.034,0.0,9310.683015,320.03082454,0.16001541227000002,0.1600954599999823,,True,3.467602029999973,True
2020-04-30 08:00:00+00:00,37,BUY,Base,9180.28,9184.87014,0.034,0.034,9184.87014,312.28558476000006,0.15614279238000003,0.1560647600000084,,True,,False
2020-04-30 09:15:00+00:00,37,BUY,SO1,8817.4753344,8821.8840720672,0.031,0.065,9011.753707601281,273.4784062340832,0.1367392031170416,0.13667086768318767,,True,,False
2020-05-03 00:40:00+00:00,37,SELL,trailing_stop_same_bar,9102.03,9097.478985000002,0.065,0.0,9011.753707601281,591.3361340250001,0.29566806701250004,0.29581597499994133,,True,5.572143030916814,True
2020-05-03 04:00:00+00:00,38,BUY,Base,9139.25,9143.819625,0.034,0.034,9143.819625,310.88986725,0.155444933625,0.15536725000000298,,True,,False
2020-05-03 14:50:00+00:00,38,BUY,SO1,8778.06684,8782.455873419998,0.031,0.065,8971.476912707998,272.2561320760199,0.13612806603800998,0.13606003601995872,,True,,False
2020-05-05 05:00:00+00:00,38,SELL,trailing_stop_same_bar,9050.0,9045.475,0.065,0.0,8971.476912707998,587.955875,0.2939779375,0.2941249999999764,,True,4.809875673980151,True
2020-05-05 08:00:00+00:00,39,BUY,Base,9021.05,9025.560524999999,0.035,0.035,9025.560524999999,315.894618375,0.1579473091875,0.15786837499998913,,True,,False
2020-05-06 10:20:00+00:00,39,SELL,trailing_stop_same_bar,9106.31,9101.756845,0.035,0.0,9025.560524999999,318.56148957500005,0.15928074478750004,0.15936042499998623,,True,2.6668712000000325,True
2020-05-06 12:00:00+00:00,40,BUY,Base,9321.83,9326.490915,0.034,0.034,9326.490915,317.10069111,0.158550345555,0.15847111000001315,,True,,False
2020-05-07 13:15:00+00:00,40,SELL,trailing_stop_same_bar,9389.73,9385.035135,0.034,0.0,9326.490915,319.09119459000004,0.15954559729500004,0.15962540999998237,,True,1.9905034799999923,True
2020-05-07 16:00:00+00:00,41,BUY,Base,9518.55,9523.309275,0.033,0.033,9523.309275,314.269206075,0.15713460303750001,0.15705607500001134,,True,,False
2020-05-07 17:00:00+00:00,41,SELL,trailing_stop_same_bar,9632.5,9627.68375,0.033,0.0,9523.309275,317.71356375,0.158856781875,0.1589362499999952,,True,3.4443576750000178,True
2020-05-07 20:00:00+00:00,42,BUY,Base,9871.67,9876.605835,0.032,0.032,9876.605835,316.05138672000004,0.15802569336000002,0.1579467200000072,,True,,False
2020-05-07 23:30:00+00:00,42,SELL,trailing_stop_same_bar,9980.0,9975.01,0.032,0.0,9876.605835,319.20032000000003,0.15960016000000002,0.15967999999999302,,True,3.1489332799999974,True
2020-05-08 00:00:00+00:00,43,BUY,Base,9994.74,9999.737369999999,0.032,0.032,9999.737369999999,319.99159583999995,0.15999579792,0.1599158399999724,,True,,False
2020-05-09 07:55:00+00:00,43,BUY,SO1,9599.747875199999,9604.547749137599,0.028,0.06,9815.315546930879,268.92733697585277,0.13446366848792637,0.13439647025279555,,True,,False
2020-05-10 00:15:00+00:00,43,BUY,SO2,9099.761006699999,9104.310887203348,0.03,0.09,9578.313993688369,273.12932661610046,0.13656466330805023,0.1364964151004824,,True,,False
2020-05-10 00:20:00+00:00,43,BUY,SO3,8399.779390799999,8403.979280495398,0.033,0.123,9263.248582831719,277.33131625634815,0.13866565812817408,0.1385963599481729,,True,,False
2020-05-14 05:50:00+00:00,43,SELL,trailing_stop_same_bar,9371.52,9366.83424,0.123,0.0,9263.248582831719,1152.12061152,0.57606030576,0.5763484800000369,,True,12.741035831698639,True
2020-05-14 08:00:00+00:00,44,BUY,Base,9502.44,9507.19122,0.033,0.033,9507.19122,313.73731026,0.15686865513,0.1567902600000034,,True,,False
2020-05-14 08:45:00+00:00,44,SELL,trailing_stop_same_bar,9548.0,9543.226,0.033,0.0,9507.19122,314.926458,0.157463229,0.15754199999998128,,True,1.1891477399999986,True
2020-05-14 12:00:00+00:00,45,BUY,Base,9681.38,9686.220689999998,0.033,0.033,9686.220689999998,319.64528276999994,0.15982264138499996,0.15974276999996984,,True,,False
2020-05-14 20:25:00+00:00,45,SELL,trailing_stop_same_bar,9813.685,9808.7781575,0.033,0.0,9686.220689999998,323.6896791975,0.16184483959875,0.16192580249995628,,True,4.044396427500084,True
2020-05-15 00:00:00+00:00,46,BUY,Base,9787.62,9792.51381,0.032,0.032,9792.51381,313.36044192,0.15668022096,0.15660191999998643,,True,,False
2020-05-15 02:30:00+00:00,46,BUY,SO1,9400.8132576,9405.5136642288,0.029,0.061,9608.530134141562,272.7598962626352,0.1363799481313176,0.13631179223517392,,True,,False
2020-05-17 12:55:00+00:00,46,SELL,trailing_stop_same_bar,9710.43,9705.574785,0.061,0.0,9608.530134141562,592.040061885,0.2960200309425,0.2961681149999749,,True,5.919723702364786,True
2020-05-17 16:00:00+00:00,47,BUY,Base,9818.43,9823.339215,0.032,0.032,9823.339215,314.34685488,0.15717342744,0.15709487999998964,,True,,False
2020-05-20 15:50:00+00:00,47,BUY,SO1,9430.4056464,9435.1208492232,0.029,0.061,9638.776385368408,273.6185046274728,0.13680925231373642,0.13674088187278358,,True,,False
2020-05-21 14:40:00+00:00,47,BUY,SO2,8939.23868565,8943.708304992824,0.031,0.092,9404.568662633155,277.2549574547775,0.13862747872738876,0.13855819962755778,,True,,False
2020-05-28 22:45:00+00:00,47,SELL,trailing_stop_same_bar,9501.255,9496.5043725,0.092,0.0,9404.568662633155,873.67840227,0.436839201135,0.43705772999996406,,True,8.458085307749672,True
2020-05-29 00:00:00+00:00,48,BUY,Base,9569.58,9574.36479,0.033,0.033,9574.36479,315.95403807,0.15797701903500003,0.1578980699999902,,True,,False
2020-05-30 22:40:00+00:00,48,SELL,trailing_stop_same_bar,9552.51,9547.733745000001,0.033,0.0,9574.36479,315.0752135850001,0.15753760679250003,0.15761641499996223,,True,-0.8788244849999428,True
2020-05-31 00:00:00+00:00,49,BUY,Base,9694.38,9699.227189999998,0.033,0.033,9699.227189999998,320.07449726999994,0.16003724863499996,0.1599572699999535,,True,,False
2020-06-01 23:00:00+00:00,49,SELL,trailing_stop_same_bar,9734.99,9730.122505000001,0.033,0.0,9699.227189999998,321.0940426650001,0.16054702133250004,0.16062733499995374,,True,1.019545395000112,True
2020-06-02 00:00:00+00:00,50,BUY,Base,10232.41,10237.526205,0.031,0.031,10237.526205,317.363312355,0.15868165617750002,0.15860235500000816,,True,,False
2020-06-02 14:45:00+00:00,50,BUY,SO1,9828.0251568,9832.9391693784,0.028,0.059,10045.518798264327,275.3222967425952,0.13766114837129761,0.13759235219519178,,True,,False
2020-06-02 15:25:00+00:00,50,BUY,SO2,9316.14884655,9320.806920973275,0.03,0.089,9801.23389580667,279.6242076291982,0.1398121038145991,0.13974223269822686,,True,,False
2020-06-10 18:35:00+00:00,50,SELL,trailing_stop_same_bar,9831.73,9826.814135,0.089,0.0,9801.23389580667,874.5864580150001,0.43729322900750006,0.4375119849999137,,True,2.276641288206394,True
2020-06-10 20:00:00+00:00,51,BUY,Base,9855.08,9860.007539999999,0.032,0.032,9860.007539999999,315.52024127999994,0.15776012063999997,0.15768127999996068,,True,,False
2020-06-11 16:00:00+00:00,51,BUY,SO1,9465.607238399998,9470.340042019197,0.029,0.061,9674.755778664863,274.63986121855675,0.13731993060927838,0.1372513049567806,,True,,False
2020-06-15 05:50:00+00:00,51,BUY,SO2,8972.6068614,8977.0931648307,0.031,0.092,9439.673810959874,278.2898881097517,0.13914494405487585,0.1390754063516997,,True,,False
2020-06-16 03:05:00+00:00,51,SELL,trailing_stop_same_bar,9458.8,9454.0706,0.092,0.0,9439.673810959874,869.7744951999999,0.43488724759999997,0.4351048000000155,,True,1.3245045916915406,True
2020-06-16 04:00:00+00:00,52,BUY,Base,9559.87,9564.649935,0.034,0.034,9564.649935,325.19809779,0.16259904889500001,0.16251778999995442,,True,,False
2020-06-20 11:15:00+00:00,52,BUY,SO1,9182.0639376,9186.654969568799,0.03,0.064,9387.464794954123,275.59964908706394,0.13779982454353198,0.13773095906397428,,True,,False
2020-06-22 17:00:00+00:00,52,SELL,trailing_stop,9580.078899999999,9575.28886055,0.064,0.0,9387.464794954123,612.8184870752,0.3064092435376,0.306562524799956,,True,12.020740198136075,False
2020-06-22 20:00:00+00:00,53,BUY,Base,9563.94,9568.72197,0.034,0.034,9568.72197,325.33654698000004,0.16266827349000001,0.16258698000000005,,True,,False
2020-06-22 21:05:00+00:00,53,SELL,trailing_stop_same_bar,9665.31,9660.477345,0.034,0.0,9568.72197,328.45622973,0.16422811486500002,0.16431027000000542,,True,3.11968274999996,True
2020-06-23 00:00:00+00:00,54,BUY,Base,9686.99,9691.833494999999,0.033,0.033,9691.833494999999,319.830505335,0.1599152526675,0.1598353349999725,,True,,False
2020-06-24 10:35:00+00:00,54,BUY,SO1,9304.1601552,9308.812235277599,0.03,0.063,9509.442418941713,279.26436705832793,0.13963218352916398,0.13956240232799244,,True,,False
2020-06-27 19:50:00+00:00,54,BUY,SO2,8819.56848045,8823.978264690224,0.032,0.095,9278.549230141212,282.36730447008716,0.1411836522350436,0.14111309568717842,,True,,False
2020-07-08 13:50:00+00:00,54,SELL,trailing_stop_same_bar,9356.81,9352.131595,0.095,0.0,9278.549230141212,888.4525015250001,0.44422625076250005,0.444448474999881,,True,6.9903246615849,True
2020-07-08 16:00:00+00:00,55,BUY,Base,9410.91,9415.615455,0.034,0.034,9415.615455,320.13092547,0.16006546273500002,0.15998546999997781,,True,,False
2020-07-23 14:25:00+00:00,55,SELL,trailing_stop_same_bar,9495.59,9490.842205,0.034,0.0,9415.615455,322.68863497000007,0.16134431748500003,0.1614250299999767,,True,2.5577095000000556,True
2020-07-23 16:00:00+00:00,56,BUY,Base,9527.39,9532.153694999999,0.034,0.034,9532.153694999999,324.09322563,0.16204661281500002,0.16196562999998787,,True,,False
2020-07-23 17:00:00+00:00,56,SELL,trailing_stop_same_bar,9628.09,9623.275955000001,0.034,0.0,9532.153694999999,327.19138247000006,0.16359569123500003,0.16367752999997176,,True,3.0981568400000654,True
2020-07-23 20:00:00+00:00,57,BUY,Base,9597.29,9602.088645,0.034,0.034,9602.088645,326.47101393,0.16323550696500003,0.16315392999996403,,True,,False
2020-07-26 09:50:00+00:00,57,SELL,trailing_stop_same_bar,9780.72,9775.82964,0.034,0.0,9602.088645,332.37820776,0.16618910388000002,0.16627223999998025,,True,5.907193830000004,True
2020-07-26 12:00:00+00:00,58,BUY,Base,9979.14,9984.12957,0.033,0.033,9984.12957,329.47627581,0.164738137905,0.1646558099999911,,True,,False
2020-07-27 01:30:00+00:00,58,SELL,trailing_stop_same_bar,10093.538700000001,10088.491930650001,0.033,0.0,9984.12957,332.92023371145007,0.16646011685572504,0.16654338854998424,,True,3.443957901450076,True
2020-07-27 04:00:00+00:00,59,BUY,Base,10277.22,10282.35861,0.032,0.032,10282.35861,329.03547552,0.16451773776,0.16443551999999909,,True,,False
2020-07-27 14:50:00+00:00,59,SELL,trailing_stop_same_bar,10389.34,10384.145330000001,0.032,0.0,10282.35861,332.29265056,0.16614632528,0.16622943999996642,,True,3.2571750400000603,True
2020-07-27 16:00:00+00:00,60,BUY,Base,10310.11,10315.265055,0.032,0.032,10315.265055,330.08848176,0.16504424088,0.1649617599999765,,True,,False
2020-07-27 16:35:00+00:00,60,SELL,trailing_stop_same_bar,10439.76,10434.540120000001,0.032,0.0,10315.265055,333.90528384000004,0.16695264192000003,0.16703615999995963,,True,3.8168020800000524,True
2020-07-27 20:00:00+00:00,61,BUY,Base,10806.52,10811.92326,0.03,0.03,10811.92326,324.3576978,0.1621788489,0.1620977999999741,,True,,False
2020-07-27 21:50:00+00:00,61,SELL,trailing_stop_same_bar,10893.31,10887.863345,0.03,0.0,10811.92326,326.63590035,0.163317950175,0.1633996499999921,,True,2.2782025500000054,True
2020-07-28 00:00:00+00:00,62,BUY,Base,11047.58,11053.10379,0.03,0.03,11053.10379,331.59311369999995,0.16579655684999997,0.1657136999999784,,True,,False
2020-07-28 00:05:00+00:00,62,SELL,trailing_stop_same_bar,11161.83,11156.249085000001,0.03,0.0,11053.10379,334.68747255000005,0.16734373627500004,0.1674274499999592,,True,3.094358850000062,True
2020-07-28 04:00:00+00:00,63,BUY,Base,10995.0,11000.4975,0.03,0.03,11000.4975,330.01492499999995,0.16500746249999998,0.16492499999998472,,True,,False
2020-07-28 14:15:00+00:00,63,SELL,trailing_stop_same_bar,11113.184850000001,11107.628257575003,0.03,0.0,11000.4975,333.22884772725007,0.16661442386362504,0.16669777274995795,,True,3.213922727250101,True
2020-07-28 16:00:00+00:00,64,BUY,Base,11165.07,11170.652535,0.029,0.029,11170.652535,323.948923515,0.1619744617575,0.16189351499998703,,True,,False
2020-07-29 21:50:00+00:00,64,SELL,trailing_stop_same_bar,11270.87,11265.234565,0.029,0.0,11170.652535,326.691802385,0.1633459011925,0.16342761500000416,,True,2.7428788700000406,True
2020-07-30 00:00:00+00:00,65,BUY,Base,11113.01,11118.566504999999,0.029,0.029,11118.566504999999,322.438428645,0.1612192143225,0.1611386449999609,,True,,False
2020-07-31 15:15:00+00:00,65,SELL,trailing_stop_same_bar,11253.53955,11247.912780225,0.029,0.0,11118.566504999999,326.189470626525,0.16309473531326252,0.16317632347497238,,True,3.7510419815250464,True
2020-07-31 16:00:00+00:00,66,BUY,Base,11355.05,11360.727524999998,0.029,0.029,11360.727524999997,329.46109822499994,0.16473054911249999,0.16464822499997536,,True,,False
2020-08-01 05:40:00+00:00,66,SELL,trailing_stop_same_bar,11501.05,11495.299475,0.029,0.0,11360.727524999997,333.363684775,0.16668184238750003,0.16676522499998464,,True,3.902586550000093,True
2020-08-01 08:00:00+00:00,67,BUY,Base,11666.32,11672.15316,0.028,0.028,11672.15316,326.82028848,0.16341014424,0.16332848000000377,,True,,False
2020-08-01 19:30:00+00:00,67,SELL,trailing_stop_same_bar,11807.24,11801.33638,0.028,0.0,11672.15316,330.43741864000003,0.16521870932000002,0.16530135999997583,,True,3.6171301600000225,True
2020-08-01 20:00:00+00:00,68,BUY,Base,11790.92,11796.81546,0.028,0.028,11796.81546,330.31083288,0.16515541644,0.16507287999999243,,True,,False
2020-08-02 02:20:00+00:00,68,SELL,trailing_stop,11920.1,11914.13995,0.028,0.0,11796.81546,333.5959186,0.1667979593,0.16688139999999113,,True,3.2850857200000245,False
2020-08-02 04:00:00+00:00,69,BUY,Base,12026.41,12032.423205,0.027,0.027,12032.423205,324.875426535,0.16243771326749998,0.1623565349999808,,True,,False
2020-08-02 04:35:00+00:00,69,BUY,SO1,11551.126276799998,11556.901839938397,0.025,0.052000000000000005,11803.807164104997,288.92254599845995,0.14446127299922998,0.14438907845997165,,True,,False
2020-08-02 04:40:00+00:00,69,BUY,SO2,10949.505116549999,10954.979869108274,0.026000000000000002,0.07800000000000001,11520.86473243942,284.82947659681514,0.14241473829840756,0.14234356651515556,,True,,False
2020-08-05 15:30:00+00:00,69,SELL,trailing_stop,11647.3506,11641.5269247,0.07800000000000001,0.0,11520.86473243942,908.0391001266001,0.4540195500633001,0.45424667340000824,,True,9.411650996325172,False
2020-08-05 16:00:00+00:00,70,BUY,Base,11672.01,11677.846005,0.028,0.028,11677.846005,326.97968814,0.16348984407,0.16340813999997772,,True,,False
2020-08-06 14:10:00+00:00,70,SELL,trailing_stop,11833.62455,11827.707737725,0.028,0.0,11677.846005,331.1758166563,0.16558790832815,0.16567074369999318,,True,4.1961285163000355,False
2020-08-06 16:00:00+00:00,71,BUY,Base,11849.97,11855.894984999999,0.028,0.028,11855.894984999999,331.96505958,0.16598252979,0.16589957999999025,,True,,False
2020-08-07 18:30:00+00:00,71,BUY,SO1,11381.659185599998,11387.350015192796,0.025,0.053000000000000005,11634.883206789054,284.6837503798199,0.14234187518990996,0.1422707398199691,,True,,False
2020-08-08 12:30:00+00:00,71,SELL,trailing_stop,11759.905,11754.025047500001,0.053000000000000005,0.0,11634.883206789054,622.9633275175001,0.3114816637587501,0.31163748249997303,,True,6.31451755768018,False
2020-08-08 16:00:00+00:00,72,BUY,Base,11745.25,11751.122625,0.028,0.028,11751.122625,329.0314335,0.16451571675,0.16443349999999918,,True,,False
2020-08-10 02:00:00+00:00,72,SELL,trailing_stop_same_bar,11865.48,11859.54726,0.028,0.0,11751.122625,332.06732328,0.16603366164,0.16611672000000544,,True,3.0358897799999833,True
2020-08-10 04:00:00+00:00,73,BUY,Base,12041.88,12047.900939999998,0.028,0.028,12047.900939999998,337.3412263199999,0.16867061315999995,0.16858631999995852,,True,,False
2020-08-10 10:25:00+00:00,73,BUY,SO1,11565.984902399998,11571.767894851197,0.025,0.053000000000000005,11823.309880967543,289.29419737127995,0.14464709868564,0.144574811279972,,True,,True
2020-08-10 10:25:00+00:00,73,SELL,trailing_stop_same_bar,11948.24855,11942.274425725001,0.053000000000000005,0.0,11823.309880967543,632.9405445634252,0.3164702722817126,0.3166285865749342,,True,6.305120872145301,True
2020-08-10 12:00:00+00:00,74,BUY,Base,11741.65,11747.520825,0.028,0.028,11747.520825,328.9305831,0.16446529155,0.16438309999999912,,True,,False
2020-08-10 12:40:00+00:00,74,SELL,trailing_stop_same_bar,11889.255,11883.3103725,0.028,0.0,11747.520825,332.73269043,0.166366345215,0.1664495699999752,,True,3.8021073300000134,True
2020-08-10 16:00:00+00:00,75,BUY,Base,11930.96,11936.925479999998,0.028,0.028,11936.92548,334.23391344,0.16711695672,0.16703343999997014,,True,,False
2020-08-11 15:10:00+00:00,75,BUY,SO1,11459.448460799998,11465.178185030398,0.025,0.053000000000000005,11714.403171052072,286.62945462575993,0.14331472731287997,0.14324310575998425,,True,,False
2020-08-15 00:55:00+00:00,75,SELL,trailing_stop,11933.6121,11927.645293950001,0.053000000000000005,0.0,11714.403171052072,632.1652005793501,0.31608260028967505,0.3162407206499429,,True,11.30183251359025,False
2020-08-15 04:00:00+00:00,76,BUY,Base,11900.97,11906.920484999999,0.028,0.028,11906.920484999999,333.39377357999996,0.16669688678999997,0.1666135799999829,,True,,False
2020-08-17 13:20:00+00:00,76,SELL,trailing_stop_same_bar,11917.08,11911.12146,0.028,0.0,11906.920484999999,333.51140088,0.16675570044000002,0.16683911999998963,,True,0.11762730000004376,True
2020-08-17 16:00:00+00:00,77,BUY,Base,12443.99,12450.211995,0.027,0.027,12450.211995,336.15572386499997,0.1680778619325,0.16799386499999672,,True,,False
2020-08-18 14:15:00+00:00,77,BUY,SO1,11952.203515199999,11958.1796169576,0.024,0.051000000000000004,12218.667346509457,286.99631080698236,0.14349815540349117,0.14342644218240458,,True,,False
2020-08-25 16:55:00+00:00,77,BUY,SO2,11329.69291545,11335.357761907724,0.026000000000000002,0.07700000000000001,11920.406967293287,294.71930180960084,0.1473596509048004,0.1472860079008424,,True,,False
2020-09-03 15:35:00+00:00,77,BUY,SO3,10458.178075799999,10463.407164837898,0.028,0.10500000000000001,11531.873686638515,292.9754006154611,0.14648770030773056,0.14641449306117282,,True,,False
2020-10-12 21:35:00+00:00,77,SELL,trailing_stop_same_bar,11660.0,11654.17,0.10500000000000001,0.0,11531.873686638515,1223.68785,0.6118439250000001,0.6121499999999924,,True,12.841112902955912,True
2020-10-13 00:00:00+00:00,78,BUY,Base,11530.37,11536.135185000001,0.029,0.029,11536.135185000001,334.54792036500004,0.16727396018250001,0.16719036500000584,,True,,False
2020-10-19 15:15:00+00:00,78,SELL,trailing_stop_same_bar,11653.03,11647.203485000002,0.029,0.0,11536.135185000001,337.7689010650001,0.16888445053250004,0.16896893499996624,,True,3.2209807000000237,True
2020-10-19 16:00:00+00:00,79,BUY,Base,11801.12,11807.02056,0.029,0.029,11807.020560000003,342.40359624000007,0.17120179812000003,0.1711162400000012,,True,,False
2020-10-20 16:05:00+00:00,79,SELL,trailing_stop_same_bar,11923.29,11917.328355000001,0.029,0.0,11807.020560000003,345.6025222950001,0.17280126114750005,0.17288770499998282,,True,3.1989260549999656,True
2020-10-20 20:00:00+00:00,80,BUY,Base,11907.17,11913.123585,0.028,0.028,11913.123585,333.56746038,0.16678373019,0.16670037999998022,,True,,False
2020-10-21 02:55:00+00:00,80,SELL,trailing_stop_same_bar,12061.47,12055.439265,0.028,0.0,11913.123585,337.55229942000005,0.16877614971000002,0.16886057999995682,,True,3.984839040000043,True
2020-10-21 04:00:00+00:00,81,BUY,Base,12172.67,12178.756335,0.028,0.028,12178.756335,341.00517738,0.17050258869,0.17041737999999895,,True,,False
2020-10-21 11:55:00+00:00,81,SELL,trailing_stop_same_bar,12320.02,12313.85999,0.028,0.0,12178.756335,344.78807972000004,0.17239403986000001,0.17248027999998886,,True,3.7829023400000223,True
2020-10-21 12:00:00+00:00,82,BUY,Base,12329.48,12335.64474,0.027,0.027,12335.64474,333.06240798,0.16653120399,0.16644798000000446,,True,,False
2020-10-21 14:20:00+00:00,82,SELL,trailing_stop_same_bar,12474.19,12467.952905000002,0.027,0.0,12335.64474,336.63472843500006,0.16831736421750004,0.16840156499996192,,True,3.572320455000059,True
2020-10-21 16:00:00+00:00,83,BUY,Base,12729.81,12736.174904999998,0.027,0.027,12736.174904999998,343.8767224349999,0.17193836121749997,0.17185243499996067,,True,,False
2020-10-21 21:20:00+00:00,83,SELL,trailing_stop_same_bar,12863.95,12857.518025000001,0.027,0.0,12736.174904999998,347.152986675,0.17357649333750003,0.1736633249999868,,True,3.276264240000086,True
2020-10-22 00:00:00+00:00,84,BUY,Base,12796.06,12802.458029999998,0.026000000000000002,0.026000000000000002,12802.458029999998,332.86390878,0.16643195439,0.16634877999996026,,True,,False
2020-10-22 11:30:00+00:00,84,SELL,trailing_stop,12966.213150000001,12959.730043425003,0.026000000000000002,0.0,12802.458029999998,336.9529811290501,0.16847649056452504,0.16856077094996363,,True,4.089072349050126,False
2020-10-22 12:00:00+00:00,85,BUY,Base,12970.46,12976.945229999998,0.026000000000000002,0.026000000000000002,12976.945229999998,337.40057598,0.16870028799,0.16861597999995867,,True,,False
2020-10-22 20:55:00+00:00,85,SELL,trailing_stop,13112.2692,13105.713065400001,0.026000000000000002,0.0,12976.945229999998,340.74853970040004,0.17037426985020002,0.1704594995999869,,True,3.347963720400094,False
2020-10-23 00:00:00+00:00,86,BUY,Base,12970.39,12976.875194999999,0.026000000000000002,0.026000000000000002,12976.875194999999,337.39875507,0.168699377535,0.16861506999998166,,True,,False
2020-10-24 15:00:00+00:00,86,SELL,trailing_stop_same_bar,13069.0,13062.4655,0.026000000000000002,0.0,12976.875194999999,339.62410300000005,0.16981205150000003,0.16989699999999358,,True,2.2253479300000403,True
2020-10-24 16:00:00+00:00,87,BUY,Base,13103.87,13110.421935,0.026000000000000002,0.026000000000000002,13110.421935,340.87097031,0.170435485155,0.1703503099999871,,True,,False
2020-10-25 03:30:00+00:00,87,SELL,trailing_stop_same_bar,13150.78,13144.20461,0.026000000000000002,0.0,13110.421935,341.74931986000007,0.17087465993000003,0.17096013999999923,,True,0.87834955000001,True
2020-10-25 04:00:00+00:00,88,BUY,Base,13300.61,13307.260305,0.026000000000000002,0.026000000000000002,13307.260305000002,345.98876793000005,0.17299438396500003,0.1729079299999794,,True,,False
2020-10-25 05:45:00+00:00,88,BUY,SO1,12774.9698928,12781.357377746399,0.023,0.049,13060.40791057484,293.9712196881672,0.1469856098440836,0.14691215376717992,,True,,False
2020-10-27 10:35:00+00:00,88,SELL,trailing_stop_same_bar,13212.96,13206.35352,0.049,0.0,13060.40791057484,647.11132248,0.32355566124,0.3237175199999292,,True,7.15133486183284,True
2020-10-27 12:00:00+00:00,89,BUY,Base,13448.85,13455.574424999999,0.025,0.025,13455.574424999999,336.389360625,0.1681946803125,0.168110624999963,,True,,False
2020-10-27 16:00:00+00:00,89,SELL,trailing_stop_same_bar,13596.675,13589.8766625,0.025,0.0,13455.574424999999,339.7469165625,0.16987345828125,0.16995843749996312,,True,3.357555937500047,True
2020-10-27 20:00:00+00:00,90,BUY,Base,13650.01,13656.835004999999,0.025,0.025,13656.835004999999,341.420875125,0.1707104375625,0.17062512499996957,,True,,False
2020-10-28 03:00:00+00:00,90,SELL,trailing_stop,13793.685,13786.788157500001,0.025,0.0,13656.835004999999,344.66970393750006,0.17233485196875004,0.17242106249996142,,True,3.248828812500051,False
2020-10-28 04:00:00+00:00,91,BUY,Base,13776.16,13783.048079999999,0.025,0.025,13783.048079999999,344.57620199999997,0.172288101,0.1722019999999702,,True,,False
2020-10-28 12:20:00+00:00,91,BUY,SO1,13231.726156799998,13238.342019878397,0.022,0.047,13528.079285900525,291.2435244373247,0.14562176221866235,0.14554898772478553,,True,,False
2020-10-31 02:35:00+00:00,91,SELL,trailing_stop,13666.325,13659.491837500002,0.047,0.0,13528.079285900525,641.9961163625001,0.32099805818125005,0.3211586374999606,,True,6.176389925175395,False
2020-10-31 04:00:00+00:00,92,BUY,Base,13484.44,13491.18222,0.025,0.025,13491.18222,337.2795555,0.16863977775,0.16855550000000222,,True,,False
2020-10-31 08:20:00+00:00,92,SELL,trailing_stop_same_bar,13674.97155,13668.134064225002,0.025,0.0,13491.18222,341.7033516056251,0.17085167580281255,0.17093714437496602,,True,4.423796105625025,True
2020-10-31 12:00:00+00:00,93,BUY,Base,13929.61,13936.574805,0.025,0.025,13936.574805,348.414370125,0.17420718506250002,0.17412012499999038,,True,,False
2020-11-02 11:20:00+00:00,93,BUY,SO1,13379.1118128,13385.8013687064,0.022,0.047,13678.76596247959,294.4876301115408,0.1472438150557704,0.1471702299407916,,True,,False
2020-11-03 23:05:00+00:00,93,SELL,trailing_stop_same_bar,13858.01,13851.080995,0.047,0.0,13678.76596247959,651.000806765,0.3255004033825,0.32566323499999816,,True,8.098806528459255,True
2020-11-04 00:00:00+00:00,94,BUY,Base,14016.55,14023.558274999998,0.025,0.025,14023.558274999998,350.58895687499995,0.17529447843749998,0.17520687499995802,,True,,False
2020-11-04 17:00:00+00:00,94,SELL,trailing_stop_same_bar,14015.1,14008.092450000002,0.025,0.0,14023.558274999998,350.2023112500001,0.17510115562500006,0.17518874999996115,,True,-0.3866456249998919,True
2020-11-04 20:00:00+00:00,95,BUY,Base,14097.25,14104.298625,0.024,0.024,14104.298625000001,338.503167,0.16925158350000002,0.16916699999998674,,True,,False
2020-11-05 02:20:00+00:00,95,SELL,trailing_stop_same_bar,14208.79,14201.685605000002,0.024,0.0,14104.298625000001,340.84045452000004,0.17042022726000003,0.17050547999996343,,True,2.3372875200000274,True
2020-11-05 04:00:00+00:00,96,BUY,Base,14300.55,14307.700275,0.024,0.024,14307.700275,343.3848066,0.1716924033,0.17160659999999917,,True,,False
2020-11-05 08:00:00+00:00,96,SELL,trailing_stop_same_bar,14469.71,14462.475145,0.024,0.0,14307.700275,347.09940348000003,0.17354970174000003,0.17363651999997093,,True,3.7145968800000264,True
2020-11-05 12:00:00+00:00,97,BUY,Base,14713.97,14721.326984999998,0.023,0.023,14721.326984999996,338.5905206549999,0.16929526032749997,0.1692106549999662,,True,,False
2020-11-05 13:15:00+00:00,97,SELL,trailing_stop_same_bar,14886.62285,14879.179538575001,0.023,0.0,14721.326984999996,342.221129387225,0.1711105646936125,0.1711961627749697,,True,3.630608732225115,True
2020-11-05 16:00:00+00:00,98,BUY,Base,15080.25,15087.790125,0.023,0.023,15087.790125,347.019172875,0.1735095864375,0.1734228749999893,,True,,True
2020-11-05 16:00:00+00:00,98,SELL,trailing_stop_same_bar,15080.25,15072.709875,0.023,0.0,15087.790125,346.672327125,0.1733361635625,0.1734228749999893,,True,-0.3468457499999786,True
2020-11-05 20:00:00+00:00,99,BUY,Base,15119.97,15127.529985,0.023,0.023,15127.529985,347.933189655,0.1739665948275,0.173879654999997,,True,,False
2020-11-05 22:20:00+00:00,99,SELL,trailing_stop_same_bar,15272.66,15265.02367,0.023,0.0,15127.529985,351.09554441,0.175547772205,0.1756355899999853,,True,3.1623547550000293,True
2020-11-06 00:00:00+00:00,100,BUY,Base,15598.74,15606.539369999999,0.022,0.022,15606.539369999999,343.34386613999993,0.17167193306999998,0.17158613999997396,,True,,False
2020-11-06 00:35:00+00:00,100,SELL,trailing_stop_same_bar,15679.48,15671.64026,0.022,0.0,15606.539369999999,344.77608571999997,0.17238804285999998,0.17247427999998763,,True,1.4322195800000335,True
2020-11-06 04:00:00+00:00,101,BUY,Base,15451.5,15459.22575,0.022,0.022,15459.22575,340.1029665,0.17005148325,0.16996649999999133,,True,,False
2020-11-06 05:40:00+00:00,101,SELL,trailing_stop,15640.9821,15633.16160895,0.022,0.0,15459.22575,343.9295553969,0.17196477769845,0.1720508030999772,,True,3.826588896900015,False
2020-11-06 08:00:00+00:00,102,BUY,Base,15738.0,15745.868999999999,0.022,0.022,15745.869,346.409118,0.17320455899999998,0.1731179999999731,,True,,False
2020-11-07 16:25:00+00:00,102,BUY,SO1,15116.034239999999,15123.592257119999,0.02,0.041999999999999996,15449.546741485716,302.4718451424,0.1512359225712,0.15116034239999862,,True,,False
2020-11-09 11:50:00+00:00,102,SELL,trailing_stop_same_bar,15597.04,15589.241480000002,0.041999999999999996,0.0,15449.546741485716,654.74814216,0.32737407108000005,0.32753783999993535,,True,5.867179017600039,True
2020-11-09 12:00:00+00:00,103,BUY,Base,15807.89,15815.793945,0.022,0.022,15815.793945,347.94746678999996,0.173973733395,0.17388679000000046,,True,,False
2020-11-09 13:50:00+00:00,103,BUY,SO1,15183.1621872,15190.753768293598,0.02,0.041999999999999996,15518.155765615998,303.81507536587196,0.151907537682936,0.15183162187197013,,True,,False
2020-11-11 16:30:00+00:00,103,SELL,trailing_stop_same_bar,15818.1518,15810.2427241,0.041999999999999996,0.0,15518.155765615998,664.0301944122,0.3320150972061,0.33218118779996436,,True,12.267652256328084,True
2020-11-11 20:00:00+00:00,104,BUY,Base,15814.86,15822.76743,0.022,0.022,15822.76743,348.10088346,0.17405044173,0.17396345999998447,,True,,False
2020-11-12 09:50:00+00:00,104,SELL,trailing_stop_same_bar,15965.44,15957.45728,0.022,0.0,15822.76743,351.06406016,0.17553203008,0.1756198399999994,,True,2.963176700000014,True
2020-11-12 12:00:00+00:00,105,BUY,Base,15762.89,15770.771444999998,0.022,0.022,15770.771444999998,346.95697178999995,0.17347848589499998,0.17339178999997965,,True,,False
2020-11-12 14:00:00+00:00,105,SELL,trailing_stop_same_bar,15996.24,15988.241880000001,0.022,0.0,15770.771444999998,351.74132136000003,0.17587066068,0.17595863999996436,,True,4.784349570000064,True
2020-11-12 16:00:00+00:00,106,BUY,Base,16123.99,16132.051994999998,0.022,0.022,16132.051994999998,354.9051438899999,0.17745257194499997,0.1773638899999605,,True,,False
2020-11-13 01:00:00+00:00,106,SELL,trailing_stop,16366.50625,16358.322996875002,0.022,0.0,16132.051994999998,359.88310593125004,0.17994155296562503,0.1800315687499642,,True,4.977962041250088,False
2020-11-13 04:00:00+00:00,107,BUY,Base,16432.35,16440.566174999996,0.021,0.021,16440.566174999996,345.2518896749999,0.17262594483749996,0.1725396749999527,,True,,False
2020-11-14 09:35:00+00:00,107,BUY,SO1,15782.943527999996,15790.834999763996,0.019,0.04,16131.943866762895,300.0258649955159,0.15001293249775796,0.1499379635160003,,True,,False
2020-11-16 11:45:00+00:00,107,SELL,trailing_stop,16308.05,16299.895975,0.04,0.0,16131.943866762895,651.995839,0.3259979195,0.32616099999999276,,True,6.718084329484191,False
2020-11-16 12:00:00+00:00,108,BUY,Base,16231.27,16239.385634999999,0.022,0.022,16239.385634999999,357.26648396999997,0.178633241985,0.17854396999996242,,True,,False
2020-11-16 16:00:00+00:00,108,SELL,trailing_stop_same_bar,16445.0,16436.7775,0.022,0.0,16239.385634999999,361.609105,0.1808045525,0.18089499999999678,,True,4.342621030000031,True
2020-11-16 20:00:00+00:00,109,BUY,Base,16776.69,16785.078344999998,0.021,0.021,16785.078344999998,352.486645245,0.1762433226225,0.1761552449999872,,True,,False
2020-11-17 12:00:00+00:00,109,SELL,trailing_stop_same_bar,16994.6,16986.1027,0.021,0.0,16785.078344999998,356.7081567,0.17835407835,0.17844329999998082,,True,4.221511455000029,True
2020-11-17 16:00:00+00:00,110,BUY,Base,17321.27,17329.930635,0.02,0.02,17329.930635,346.59861270000005,0.17329930635000002,0.1732127000000037,,True,,False
2020-11-17 16:55:00+00:00,110,SELL,trailing_stop_same_bar,17553.17,17544.393415,0.02,0.0,17329.930635,350.8878683,0.17544393414999998,0.17553169999999227,,True,4.289255599999961,True
2020-11-17 20:00:00+00:00,111,BUY,Base,17693.48,17702.326739999997,0.02,0.02,17702.326739999997,354.04653479999996,0.1770232674,0.17693479999994452,,True,,False
2020-11-18 03:50:00+00:00,111,SELL,trailing_stop_same_bar,17877.57,17868.631215,0.02,0.0,17702.326739999997,357.37262430000004,0.17868631215000003,0.17877569999996923,,True,3.3260895000000894,True
2020-11-18 04:00:00+00:00,112,BUY,Base,18071.58,18080.61579,0.019,0.019,18080.61579,343.53170001,0.171765850005,0.17168000999996366,,True,,False
2020-11-18 04:40:00+00:00,112,SELL,trailing_stop_same_bar,18226.21,18217.096895,0.019,0.0,18080.61579,346.12484100499995,0.17306242050249998,0.17314899500000683,,True,2.5931409949999797,True
2020-11-18 08:00:00+00:00,113,BUY,Base,18077.33,18086.368665,0.019,0.019,18086.368665,343.641004635,0.1718205023175,0.1717346350000007,,True,,False
2020-11-18 15:20:00+00:00,113,BUY,SO1,17362.9139184,17371.5953753592,0.018000000000000002,0.037000000000000005,17738.641118688258,312.6887167564656,0.15634435837823282,0.15626622526557915,,True,,False
2020-11-18 16:10:00+00:00,113,SELL,trailing_stop,17927.3727,17918.40901365,0.037000000000000005,0.0,17738.641118688258,662.9811335050501,0.3314905667525251,0.3316563949499323,,True,6.6514121135845246,False
2020-11-18 20:00:00+00:00,114,BUY,Base,17670.0,17678.835,0.02,0.02,17678.835,353.5767,0.17678835,0.17669999999998254,,True,,False
2020-11-19 02:00:00+00:00,114,SELL,trailing_stop_same_bar,17865.78,17856.84711,0.02,0.0,17678.835,357.13694219999996,0.1785684711,0.17865780000000087,,True,3.5602421999999936,True
2020-11-19 04:00:00+00:00,115,BUY,Base,17935.56,17944.52778,0.02,0.02,17944.52778,358.8905556,0.17944527780000002,0.17935559999998077,,True,,False
2020-11-20 04:40:00+00:00,115,SELL,trailing_stop_same_bar,18153.775,18144.698112500002,0.02,0.0,17944.52778,362.8939622500001,0.18144698112500005,0.1815377499999886,,True,4.003406650000033,True
2020-11-20 08:00:00+00:00,116,BUY,Base,18221.69,18230.800844999998,0.019,0.019,18230.800844999998,346.38521605499994,0.17319260802749997,0.17310605499998563,,True,,False
2020-11-20 14:35:00+00:00,116,SELL,trailing_stop_same_bar,18380.99,18371.799505000003,0.019,0.0,18230.800844999998,349.06419059500007,0.17453209529750005,0.17461940499997944,,True,2.67897454000009,True
2020-11-20 16:00:00+00:00,117,BUY,Base,18678.74,18688.07937,0.019,0.019,18688.07937,355.07350802999997,0.177536754015,0.17744802999995954,,True,,False
2020-11-21 02:30:00+00:00,117,SELL,trailing_stop,18891.07,18881.624465,0.019,0.0,18688.07937,358.750864835,0.1793754324175,0.1794651649999796,,True,3.677356805000025,False
2020-11-21 04:00:00+00:00,118,BUY,Base,18669.97,18679.304985,0.019,0.019,18679.304985,354.906794715,0.1774533973575,0.17736471499995604,,True,,False
2020-11-22 11:30:00+00:00,118,BUY,SO1,17932.1327856,17941.0988519928,0.017,0.036000000000000004,18330.707644413265,304.9986804838776,0.15249934024193879,0.15242312867761212,,True,,False
2020-11-22 17:00:00+00:00,118,SELL,trailing_stop,18526.9,18517.636550000003,0.036000000000000004,0.0,18330.707644413265,666.6349158000002,0.3333174579000001,0.33348419999994805,,True,6.729440601122552,False
2020-11-22 20:00:00+00:00,119,BUY,Base,18606.35,18615.653174999996,0.019,0.019,18615.653174999996,353.6974103249999,0.17684870516249995,0.17676032499994834,,True,,False
2020-11-24 09:25:00+00:00,119,SELL,trailing_stop_same_bar,18834.13,18824.712935000003,0.019,0.0,18615.653174999996,357.66954576500007,0.17883477288250005,0.17892423499995858,,True,3.97213544000014,True
2020-11-24 12:00:00+00:00,120,BUY,Base,19089.69,19099.234845,0.019,0.019,19099.234845,362.88546205499995,0.18144273102749997,0.18135205500000665,,True,,False
2020-11-24 15:10:00+00:00,120,SELL,trailing_stop,19330.86,19321.194570000003,0.019,0.0,19099.234845,367.10269683000007,0.18355134841500004,0.18364316999994842,,True,4.2172347750000805,False
2020-11-24 16:00:00+00:00,121,BUY,Base,19369.19,19378.874594999997,0.018000000000000002,0.018000000000000002,19378.874594999997,348.81974271,0.17440987135500002,0.17432270999997856,,True,,False
2020-11-25 23:15:00+00:00,121,BUY,SO1,18603.7196112,18613.0214710056,0.017,0.035,19006.888791917005,316.4213650070952,0.15821068250354758,0.15813161669520925,,True,,False
2020-11-26 03:30:00+00:00,121,BUY,SO2,17634.775881449998,17643.59326939072,0.017,0.052000000000000005,18561.196024937257,299.9410855796423,0.14997054278982114,0.14989559499227836,,True,,False
2020-11-26 17:25:00+00:00,121,BUY,SO3,16278.254659799997,16286.393787129897,0.019,0.07100000000000001,17952.44613031275,309.441481955468,0.154720740977734,0.15464341926809175,,True,,False
2020-11-29 11:20:00+00:00,121,SELL,trailing_stop,18148.5612,18139.486919400002,0.07100000000000001,0.0,17952.44613031275,1287.9035712774003,0.6439517856387001,0.6442739225998594,,True,13.279896025194898,False
2020-11-29 12:00:00+00:00,122,BUY,Base,18086.25,18095.293125,0.02,0.02,18095.293125,361.9058625,0.18095293125,0.18086250000000292,,True,,False
2020-11-30 00:25:00+00:00,122,SELL,trailing_stop_same_bar,18279.21,18270.070395,0.02,0.0,18095.293125,365.4014079,0.18270070395,0.18279210000000604,,True,3.4955453999999735,True
2020-11-30 04:00:00+00:00,123,BUY,Base,18575.24,18584.52762,0.019,0.019,18584.52762,353.10602478,0.17655301238999999,0.17646477999998386,,True,,False
2020-11-30 13:10:00+00:00,123,SELL,trailing_stop_same_bar,18802.02,18792.618990000003,0.019,0.0,18584.52762,357.05976081000006,0.17852988040500004,0.1786191899999576,,True,3.9537360300000364,True
2020-11-30 16:00:00+00:00,124,BUY,Base,19340.45,19350.120225,0.019,0.019,19350.120225,367.65228427499994,0.18382614213749998,0.1837342749999625,,True,,False
2020-11-30 23:50:00+00:00,124,SELL,trailing_stop,19676.125,19666.2869375,0.019,0.0,19350.120225,373.6594518125,0.18682972590625,0.1869231874999823,,True,6.007167537500041,False
2020-12-01 00:00:00+00:00,125,BUY,Base,19722.09,19731.951044999998,0.018000000000000002,0.018000000000000002,19731.951044999998,355.17511881,0.177587559405,0.17749880999996095,,True,,False
2020-12-01 11:25:00+00:00,125,BUY,SO1,18942.673003199998,18952.144339701597,0.016,0.034,19364.983183683104,303.23430943522555,0.15161715471761278,0.15154138402559328,,True,,False
2020-12-09 07:50:00+00:00,125,BUY,SO2,17956.07545095,17965.053488675476,0.017,0.051000000000000004,18898.339952013892,305.4059093074831,0.15270295465374156,0.152626641333085,,True,,False
2020-12-13 07:45:00+00:00,125,SELL,trailing_stop_same_bar,19168.99,19159.405505000002,0.051000000000000004,0.0,18898.339952013892,977.1296807550002,0.4885648403775001,0.48880924499995676,,True,13.31434320229164,True
2020-12-13 08:00:00+00:00,126,BUY,Base,19243.58,19253.20179,0.019,0.019,19253.20179,365.81083400999995,0.182905417005,0.18281400999995093,,True,,False
2020-12-15 02:55:00+00:00,126,SELL,trailing_stop,19500.01,19490.259995,0.019,0.0,19253.20179,370.314939905,0.18515746995250001,0.18525009499996303,,True,4.504105895000023,False
2020-12-15 04:00:00+00:00,127,BUY,Base,19488.76,19498.50438,0.019,0.019,19498.50438,370.47158321999996,0.18523579160999998,0.18514322000000175,,True,,False
2020-12-16 10:55:00+00:00,127,SELL,trailing_stop_same_bar,19719.24,19709.380380000002,0.019,0.0,19498.50438,374.47822722,0.18723911361,0.18733277999998607,,True,4.0066440000000725,True
2020-12-16 12:00:00+00:00,128,BUY,Base,19748.84,19758.71442,0.018000000000000002,0.018000000000000002,19758.71442,355.65685956000004,0.17782842978000002,0.17773956000000182,,True,,False
2020-12-16 13:40:00+00:00,128,SELL,trailing_stop_same_bar,19850.0,19840.075,0.018000000000000002,0.0,19758.71442,357.12135000000006,0.17856067500000003,0.17864999999998693,,True,1.464490440000009,True
2020-12-16 16:00:00+00:00,129,BUY,Base,20666.49,20676.823245,0.018000000000000002,0.018000000000000002,20676.823245,372.18281841000004,0.18609140920500003,0.18599840999996378,,True,,False
2020-12-16 21:40:00+00:00,129,SELL,trailing_stop_same_bar,20872.7,20862.26365,0.018000000000000002,0.0,20676.823245,375.5207457000001,0.18776037285000005,0.18785429999999909,,True,3.337927290000022,True
2020-12-17 00:00:00+00:00,130,BUY,Base,21346.81,21357.483405,0.017,0.017,21357.483405,363.077217885,0.18153860894249998,0.1814478849999614,,True,,False
2020-12-17 01:05:00+00:00,130,SELL,trailing_stop_same_bar,21446.18,21435.45691,0.017,0.0,21357.483405,364.40276747,0.182201383735,0.18229252999999154,,True,1.3255495850000298,True
2020-12-17 04:00:00+00:00,131,BUY,Base,21768.72,21779.60436,0.017,0.017,21779.60436,370.25327412000007,0.18512663706000004,0.18503412000000027,,True,,False
2020-12-17 05:55:00+00:00,131,SELL,trailing_stop_same_bar,22111.64,22100.58418,0.017,0.0,21779.60436,375.70993106000003,0.18785496553000003,0.18794893999996204,,True,5.456656940000008,True
2020-12-17 08:00:00+00:00,132,BUY,Base,22495.0,22506.247499999998,0.016,0.016,22506.247499999998,360.09995999999995,0.18004997999999997,0.17995999999996276,,True,,False
2020-12-17 08:15:00+00:00,132,SELL,trailing_stop_same_bar,22677.77,22666.431115000003,0.016,0.0,22506.247499999998,362.6628978400001,0.18133144892000005,0.18142215999995825,,True,2.562937840000086,True
2020-12-17 12:00:00+00:00,133,BUY,Base,22778.28,22789.669139999998,0.016,0.016,22789.669139999998,364.63470623999996,0.18231735311999997,0.18222623999998905,,True,,False
2020-12-17 12:55:00+00:00,133,SELL,trailing_stop_same_bar,23069.16,23057.62542,0.016,0.0,22789.669139999998,368.92200672,0.18446100336000001,0.18455327999999283,,True,4.2873004800000345,True
2020-12-17 16:00:00+00:00,134,BUY,Base,23348.36,23360.03418,0.016,0.016,23360.03418,373.76054688,0.18688027344,0.18678687999997057,,True,,False
2020-12-17 17:05:00+00:00,134,SELL,trailing_stop_same_bar,23573.0,23561.2135,0.016,0.0,23360.03418,376.979416,0.188489708,0.18858399999997347,,True,3.2188691200000465,True
2020-12-17 20:00:00+00:00,135,BUY,Base,22910.73,22922.185364999998,0.016,0.016,22922.185364999998,366.75496583999995,0.18337748291999997,0.18328583999996773,,True,,False
2020-12-18 02:40:00+00:00,135,SELL,trailing_stop,23161.60005,23150.019249975,0.016,0.0,22922.185364999998,370.40030799960005,0.18520015399980003,0.18529280039999868,,True,3.6453421596000553,False
2020-12-18 04:00:00+00:00,136,BUY,Base,22832.07,22843.486034999998,0.016,0.016,22843.486034999998,365.49577655999997,0.18274788828,0.182656559999974,,True,,False
2020-12-18 06:10:00+00:00,136,SELL,trailing_stop_same_bar,23078.51755,23066.978291225,0.016,0.0,22843.486034999998,369.07165265960003,0.1845358263298,0.1846281403999892,,True,3.575876099600049,True
2020-12-18 08:00:00+00:00,137,BUY,Base,23084.0,23095.541999999998,0.016,0.016,23095.541999999998,369.528672,0.184764336,0.18467199999996228,,True,,False
2020-12-19 14:00:00+00:00,137,SELL,trailing_stop_same_bar,23200.01,23188.409994999998,0.016,0.0,23095.541999999998,371.01455991999995,0.18550727996,0.1856000800000038,,True,1.4858879200000084,True
2020-12-19 16:00:00+00:00,138,BUY,Base,23569.03,23580.814515,0.015,0.015,23580.814515,353.71221772499996,0.17685610886249997,0.1767677249999906,,True,,True
2020-12-19 16:00:00+00:00,138,SELL,trailing_stop_same_bar,23569.03,23557.245485,0.015,0.0,23580.814515,353.358682275,0.1766793411375,0.1767677249999906,,True,-0.3535354499999812,True
2020-12-19 20:00:00+00:00,139,BUY,Base,23825.05,23836.962525,0.015,0.015,23836.962525,357.55443787499996,0.17877721893749998,0.17868787499999597,,True,,False
2020-12-20 20:35:00+00:00,139,SELL,trailing_stop_same_bar,24130.0,24117.935,0.015,0.0,23836.962525,361.769025,0.1808845125,0.18097499999998035,,True,4.214587125000034,True
2020-12-21 00:00:00+00:00,140,BUY,Base,23472.96,23484.69648,0.016,0.016,23484.69648,375.75514368,0.18787757184,0.18778367999999318,,True,,False
2020-12-21 02:55:00+00:00,140,SELL,trailing_stop_same_bar,23790.6,23778.7047,0.016,0.0,23484.69648,380.4592752,0.1902296376,0.19032480000000215,,True,4.704131519999995,True
2020-12-21 04:00:00+00:00,141,BUY,Base,23962.8,23974.781399999996,0.015,0.015,23974.781399999996,359.6217209999999,0.17981086049999997,0.17972099999995406,,True,,False
2020-12-21 10:15:00+00:00,141,BUY,SO1,23015.790143999995,23027.298039071993,0.014,0.028999999999999998,23517.375639551996,322.3821725470079,0.16119108627350395,0.1611105310079729,,True,,False
2020-12-23 00:00:00+00:00,141,SELL,trailing_stop_same_bar,23775.306099999998,23763.41844695,0.028999999999999998,0.0,23517.375639551996,689.13913496155,0.344569567480775,0.34474193844995166,,True,7.13524141454211,True
2020-12-23 04:00:00+00:00,142,BUY,Base,23709.99,23721.844995,0.015,0.015,23721.844995,355.827674925,0.1779138374625,0.17782492499996805,,True,,False
2020-12-23 13:20:00+00:00,142,SELL,trailing_stop_same_bar,24036.0,24023.982,0.015,0.0,23721.844995,360.35973,0.18017986500000002,0.18027000000000043,,True,4.532055075000008,True
2020-12-23 16:00:00+00:00,143,BUY,Base,23471.54,23483.27577,0.016,0.016,23483.27577,375.73241232000004,0.18786620616000002,0.1877723199999891,,True,,False
2020-12-25 00:05:00+00:00,143,SELL,trailing_stop,23716.82,23704.961590000003,0.016,0.0,23483.27577,379.27938544000006,0.18963969272000003,0.1897345599999535,,True,3.5469731200000387,False
2020-12-25 04:00:00+00:00,144,BUY,Base,23490.14,23501.885069999997,0.016,0.016,23501.885069999997,376.03016111999995,0.18801508055999996,0.18792111999995542,,True,,False
2020-12-25 08:30:00+00:00,144,SELL,trailing_stop,23769.4356,23757.5508822,0.016,0.0,23501.885069999997,380.1208141152,0.1900604070576,0.19015548479999417,,True,4.090652995200071,False
2020-12-25 12:00:00+00:00,145,BUY,Base,24605.22,24617.52261,0.015,0.015,24617.52261,369.26283915,0.184631419575,0.18453914999998233,,True,,False
2020-12-26 02:20:00+00:00,145,SELL,trailing_stop,24875.0,24862.5625,0.015,0.0,24617.52261,372.93843749999996,0.18646921875,0.1865625,,True,3.67559835,False
2020-12-26 04:00:00+00:00,146,BUY,Base,24930.4,24942.8652,0.015,0.015,24942.8652,374.14297799999997,0.18707148899999998,0.18697799999998096,,True,,False
2020-12-26 14:15:00+00:00,146,SELL,trailing_stop_same_bar,25192.17615,25179.580061925,0.015,0.0,24942.8652,377.693700928875,0.1888468504644375,0.18894132112498482,,True,3.550722928875002,True
2020-12-26 16:00:00+00:00,147,BUY,Base,25636.71,25649.528355,0.014,0.014,25649.528355000002,359.09339697,0.17954669848500002,0.179456969999992,,True,,False
2020-12-26 17:15:00+00:00,147,SELL,trailing_stop_same_bar,25914.01,25901.052995,0.014,0.0,25649.528355000002,362.61474193,0.181307370965,0.1813980700000029,,True,3.521344959999944,True
2020-12-26 20:00:00+00:00,148,BUY,Base,25946.99,25959.963495,0.014,0.014,25959.963495,363.43948893,0.181719744465,0.18162892999997712,,True,,False
2020-12-26 20:35:00+00:00,148,SELL,trailing_stop_same_bar,26016.01,26003.001995,0.014,0.0,25959.963495,364.04202793,0.182021013965,0.18211206999999557,,True,0.6025389999999825,True
2020-12-27 00:00:00+00:00,149,BUY,Base,26508.84,26522.094419999998,0.014,0.014,26522.094419999998,371.30932187999997,0.18565466094,0.18556187999996474,,True,,False
2020-12-27 01:05:00+00:00,149,SELL,trailing_stop_same_bar,26840.67,26827.249665,0.014,0.0,26522.094419999998,375.58149531,0.187790747655,0.1878846899999844,,True,4.2721734300000245,True
2020-12-27 04:00:00+00:00,150,BUY,Base,26590.96,26604.255479999996,0.014,0.014,26604.255479999996,372.45957672,0.18622978835999998,0.1861367199999586,,True,,False
2020-12-27 06:00:00+00:00,150,SELL,trailing_stop_same_bar,26906.0,26892.547000000002,0.014,0.0,26604.255479999996,376.49565800000005,0.18824782900000003,0.1883419999999678,,True,4.036081280000086,True
2020-12-27 08:00:00+00:00,151,BUY,Base,27655.4,27669.2277,0.013000000000000001,0.013000000000000001,27669.227699999996,359.6999601,0.17984998005,0.17976009999997405,,True,,False
2020-12-27 11:00:00+00:00,151,SELL,trailing_stop_same_bar,27839.19,27825.270405,0.013000000000000001,0.0,27669.227699999996,361.728515265,0.1808642576325,0.1809547349999921,,True,2.0285551650000455,True
2020-12-27 12:00:00+00:00,152,BUY,Base,27679.48,27693.31974,0.013000000000000001,0.013000000000000001,27693.31974,360.01315662,0.18000657831000003,0.1799166199999927,,True,,False
2020-12-27 18:00:00+00:00,152,BUY,SO1,26585.586950399997,26598.879743875194,0.012,0.025,27167.988541860093,319.1865569265023,0.15959327846325116,0.15951352170236352,,True,,False
2020-12-30 00:00:00+00:00,152,SELL,trailing_stop_same_bar,27402.83,27389.128585000002,0.025,0.0,27167.988541860093,684.7282146250001,0.34236410731250005,0.3425353749999886,,True,5.528501078497721,True
2020-12-30 04:00:00+00:00,153,BUY,Base,28110.62,28124.67531,0.013000000000000001,0.013000000000000001,28124.67531,365.62077903,0.182810389515,0.1827190299999966,,True,,False
2020-12-30 06:40:00+00:00,153,SELL,trailing_stop_same_bar,28434.22,28420.002890000003,0.013000000000000001,0.0,28124.67531,369.46003757000005,0.18473001878500003,0.1848224299999711,,True,3.839258540000061,True
2020-12-30 08:00:00+00:00,154,BUY,Base,28437.38,28451.59869,0.013000000000000001,0.013000000000000001,28451.598689999995,369.87078297,0.184935391485,0.18484296999997243,,True,,False
2020-12-30 19:10:00+00:00,154,SELL,trailing_stop_same_bar,28808.652899999997,28794.248573549998,0.013000000000000001,0.0,28451.598689999995,374.32523145615,0.187162615728075,0.1872562438499954,,True,4.4544484861500315,True
2020-12-30 20:00:00+00:00,155,BUY,Base,28806.79,28821.193395,0.013000000000000001,0.013000000000000001,28821.193395,374.675514135,0.1873377570675,0.1872441349999681,,True,,False
2020-12-31 00:15:00+00:00,155,SELL,trailing_stop_same_bar,29224.3042,29209.6920479,0.013000000000000001,0.0,28821.193395,379.72599662270005,0.18986299831135003,0.18995797729998232,,True,5.050482487700021,True
2020-12-31 04:00:00+00:00,156,BUY,Base,29060.01,29074.540004999995,0.013000000000000001,0.013000000000000001,29074.540004999995,377.969020065,0.1889845100325,0.18889006499995958,,True,,False
2020-12-31 13:10:00+00:00,156,BUY,SO1,27911.558404799995,27925.514184002393,0.011,0.024,28547.903170376096,307.1806560240263,0.15359032801201314,0.15351357122638729,,True,,False
2020-12-31 19:55:00+00:00,156,SELL,trailing_stop,28891.90455,28877.458597725003,0.024,0.0,28547.903170376096,693.0590063454001,0.3465295031727001,0.3467028545999201,,True,7.909330256373767,False
2020-12-31 20:00:00+00:00,157,BUY,Base,28917.08,28931.53854,0.013000000000000001,0.013000000000000001,28931.538539999998,376.11000102,0.18805500051000001,0.1879610199999952,,True,,False
2021-01-01 01:10:00+00:00,157,SELL,trailing_stop_same_bar,29140.17,29125.599915,0.013000000000000001,0.0,28931.538539999998,378.632798895,0.1893163994475,0.18941110499999197,,True,2.522797875000015,True
2021-01-01 04:00:00+00:00,158,BUY,Base,29302.11,29316.761055,0.013000000000000001,0.013000000000000001,29316.761055,381.11789371500004,0.19055894685750002,0.19046371499997988,,True,,False
2021-01-02 07:30:00+00:00,158,SELL,trailing_stop,29680.58135,29665.741059325002,0.013000000000000001,0.0,29316.761055,385.65463377122506,0.19282731688561253,0.1929237787749735,,True,4.536740056225044,False
2021-01-02 08:00:00+00:00,159,BUY,Base,29778.77,29793.659385,0.013000000000000001,0.013000000000000001,29793.659385000003,387.31757200500005,0.19365878600250003,0.1935620049999816,,True,,False
2021-01-02 12:20:00+00:00,159,SELL,trailing_stop_same_bar,29946.21,29931.236895000002,0.013000000000000001,0.0,29793.659385000003,389.10607963500007,0.19455303981750005,0.19465036499996496,,True,1.7885076299999894,True
2021-01-02 16:00:00+00:00,160,BUY,Base,31720.79,31736.650395,0.012,0.012,31736.650395,380.83980474000003,0.19041990237000003,0.19032473999999638,,True,,False
2021-01-02 16:05:00+00:00,160,SELL,trailing_stop_same_bar,31885.72,31869.777140000002,0.012,0.0,31736.650395,382.43732568,0.19121866284,0.1913143199999904,,True,1.5975209400000168,True
2021-01-02 20:00:00+00:00,161,BUY,Base,33115.41,33131.967705,0.011,0.011,33131.967705,364.451644755,0.1822258223775,0.18213475499999185,,True,,False
2021-01-02 20:45:00+00:00,161,BUY,SO1,31806.688996800003,31822.5923412984,0.01,0.020999999999999998,32508.45562704686,318.225923412984,0.159112961706492,0.15903344498397928,,True,,False
2021-01-03 04:50:00+00:00,161,SELL,trailing_stop_same_bar,32870.79,32854.354605,0.020999999999999998,0.0,32508.45562704686,689.941446705,0.3449707233525,0.3451432950000089,,True,7.263878537015945,True
2021-01-03 08:00:00+00:00,162,BUY,Base,34476.0,34493.238,0.011,0.011,34493.238,379.42561799999993,0.18971280899999998,0.18961799999997309,,True,,False
2021-01-03 15:25:00+00:00,162,BUY,SO1,33113.50848,33130.06523423999,0.01,0.020999999999999998,33844.10811154285,331.3006523423999,0.16565032617119996,0.16556754239994917,,True,,False
2021-01-04 09:30:00+00:00,162,BUY,SO2,31388.846579999998,31404.541003289996,0.01,0.031,33057.15097984838,314.04541003289995,0.15702270501645,0.15694423289998669,,True,,False
2021-01-04 10:15:00+00:00,162,BUY,SO3,28974.319919999998,28988.807079959995,0.011,0.041999999999999996,31991.63233940143,318.8768778795599,0.15943843893977996,0.15935875955997106,,True,,False
2021-01-05 00:10:00+00:00,162,SELL,trailing_stop_same_bar,32327.15,32310.986425000003,0.041999999999999996,0.0,31991.63233940143,1357.06142985,0.678530714925,0.6788701499999442,,True,13.412871595140102,True
2021-01-05 04:00:00+00:00,163,BUY,Base,31218.96,31234.56948,0.012,0.012,31234.56948,374.81483376,0.18740741688,0.18731375999999,,True,,False
2021-01-05 06:10:00+00:00,163,BUY,SO1,29985.186700799997,30000.179294150395,0.011,0.023,30644.208956332794,330.0019722356543,0.16500098611782715,0.1649185268543806,,True,,False
2021-01-05 06:30:00+00:00,163,SELL,trailing_stop_same_bar,30565.6,30550.3172,0.023,0.0,30644.208956332794,702.6572956,0.3513286478,0.35150439999993616,,True,-2.1595103956542223,True
2021-01-05 08:00:00+00:00,164,BUY,Base,30844.25,30859.672124999997,0.012,0.012,30859.672124999997,370.3160655,0.18515803275,0.18506549999996788,,True,,False
2021-01-05 08:05:00+00:00,164,SELL,trailing_stop_same_bar,30927.23,30911.766385000003,0.012,0.0,30859.672124999997,370.94119662,0.18547059831,0.18556337999996322,,True,0.6251311200000637,True
2021-01-05 12:00:00+00:00,165,BUY,Base,31816.47,31832.378235,0.012,0.012,31832.378235,381.98853882000003,0.19099426941000003,0.19089881999998762,,True,,False
2021-01-05 14:55:00+00:00,165,SELL,trailing_stop_same_bar,32121.0,32104.9395,0.012,0.0,31832.378235,385.259274,0.19262963700000002,0.19272599999999512,,True,3.2707351800000035,True
2021-01-05 16:00:00+00:00,166,BUY,Base,32130.05,32146.115025,0.012,0.012,32146.115025,385.7533803,0.19287669015,0.19278029999999854,,True,,False
2021-01-05 16:15:00+00:00,166,SELL,trailing_stop_same_bar,32244.23,32228.107885,0.012,0.0,32146.115025,386.73729462,0.19336864731,0.19346537999997965,,True,0.9839143200000253,True
2021-01-05 20:00:00+00:00,167,BUY,Base,33747.0,33763.8735,0.011,0.011,33763.8735,371.4026085,0.18570130425,0.18560850000001664,,True,,False
2021-01-05 22:15:00+00:00,167,SELL,trailing_stop_same_bar,34135.03,34117.962485000004,0.011,0.0,33763.8735,375.297587335,0.1876487936675,0.187742664999947,,True,3.8949788350000234,True
2021-01-06 00:00:00+00:00,168,BUY,Base,33999.51,34016.509755,0.011,0.011,34016.509755,374.18160730499994,0.18709080365249997,0.18699730499996803,,True,,False
2021-01-06 04:10:00+00:00,168,SELL,trailing_stop_same_bar,34456.65,34439.421675000005,0.011,0.0,34016.509755,378.83363842500006,0.18941681921250003,0.1895115749999604,,True,4.652031120000065,True
2021-01-06 08:00:00+00:00,169,BUY,Base,34716.88,34734.238439999994,0.011,0.011,34734.238439999994,382.0766228399999,0.19103831141999997,0.19094283999995967,,True,,False
2021-01-06 11:15:00+00:00,169,SELL,trailing_stop_same_bar,35043.38,35025.858309999996,0.011,0.0,34734.238439999994,385.28444140999994,0.19264222070499998,0.1927385900000154,,True,3.2078185700000246,True
2021-01-06 12:00:00+00:00,170,BUY,Base,34994.67,35012.167335,0.011,0.011,35012.167335,385.13384068499994,0.19256692034249998,0.19247068500000022,,True,,False
2021-01-06 19:00:00+00:00,170,SELL,trailing_stop_same_bar,35248.99,35231.365505,0.011,0.0,35012.167335,387.545020555,0.1937725102775,0.19386944499996023,,True,2.411179870000036,True
2021-01-06 20:00:00+00:00,171,BUY,Base,34861.71,34879.140855,0.011,0.011,34879.140855,383.670549405,0.1918352747025,0.1917394049999857,,True,,False
2021-01-06 20:25:00+00:00,171,SELL,trailing_stop_same_bar,35169.28,35151.69536,0.011,0.0,34879.140855,386.6686489599999,0.19333432447999996,0.19343104000001038,,True,2.9980995550000005,True
2021-01-07 00:00:00+00:00,172,BUY,Base,36825.77,36844.182884999995,0.01,0.01,36844.182884999995,368.44182885,0.184220914425,0.18412884999997914,,True,,False
2021-01-07 00:35:00+00:00,172,SELL,trailing_stop_same_bar,37185.01,37166.417495,0.01,0.0,36844.182884999995,371.66417495,0.18583208747500002,0.18592505000000528,,True,3.222346100000068,True
2021-01-07 04:00:00+00:00,173,BUY,Base,37554.98,37573.75749,0.01,0.01,37573.75749,375.7375749,0.18786878745000002,0.187774900000004,,True,,False
2021-01-07 12:00:00+00:00,173,SELL,trailing_stop_same_bar,37919.72,37900.760140000006,0.01,0.0,37573.75749,379.00760140000006,0.18950380070000003,0.18959859999995388,,True,3.270026500000022,True
2021-01-07 16:00:00+00:00,174,BUY,Base,39050.0,39069.525,0.01,0.01,39069.525,390.69525000000004,0.19534762500000002,0.19525000000001455,,True,,False
2021-01-07 16:10:00+00:00,174,SELL,trailing_stop_same_bar,39439.97,39420.250015000005,0.01,0.0,39069.525,394.20250015000005,0.19710125007500004,0.19719984999996087,,True,3.5072501500000364,True
2021-01-07 20:00:00+00:00,175,BUY,Base,39128.04,39147.60402,0.01,0.01,39147.60402,391.4760402,0.1957380201,0.1956401999999798,,True,,False
2021-01-07 21:05:00+00:00,175,SELL,trailing_stop_same_bar,39277.41,39257.771295000006,0.01,0.0,39147.60402,392.5777129500001,0.19628885647500005,0.19638704999997572,,True,1.1016727500000707,True
2021-01-08 00:00:00+00:00,176,BUY,Base,39498.32,39518.06916,0.009000000000000001,0.009000000000000001,39518.06916,355.66262244,0.17783131122,0.17774243999999456,,True,,False
2021-01-08 01:35:00+00:00,176,BUY,SO1,37937.3463936,37956.31506679679,0.009000000000000001,0.018000000000000002,38737.1921133984,341.60683560117116,0.17080341780058558,0.17071805877116278,,True,,False
2021-01-08 09:50:00+00:00,176,SELL,trailing_stop_same_bar,38917.33,38897.871335,0.018000000000000002,0.0,38737.1921133984,700.1616840300002,0.3500808420150001,0.3502559699999693,,True,2.8922259888288684,True
2021-01-08 12:00:00+00:00,177,BUY,Base,41399.98,41420.679990000004,0.009000000000000001,0.009000000000000001,41420.679990000004,372.7861199100001,0.18639305995500005,0.18629991000000884,,True,,False
2021-01-08 15:00:00+00:00,177,SELL,trailing_stop_same_bar,41560.0,41539.22,0.009000000000000001,0.0,41420.679990000004,373.85298000000006,0.18692649000000003,0.18701999999998956,,True,1.066860089999973,True
2021-01-08 16:00:00+00:00,178,BUY,Base,40877.97,40898.408985,0.009000000000000001,0.009000000000000001,40898.408985,368.0856808650001,0.18404284043250005,0.18395086500000618,,True,,False
2021-01-08 16:35:00+00:00,178,SELL,trailing_stop_same_bar,41176.03,41155.441985,0.009000000000000001,0.0,40898.408985,370.398977865,0.18519948893250002,0.18529213500001063,,True,2.3132969999999626,True
2021-01-08 20:00:00+00:00,179,BUY,Base,40426.44,40446.65322,0.009000000000000001,0.009000000000000001,40446.65322,364.01987898000004,0.18200993949000002,0.18191897999998038,,True,,False
2021-01-08 21:00:00+00:00,179,BUY,SO1,38828.7870912,38848.2014847456,0.008,0.017,39694.44063870381,310.7856118779648,0.15539280593898241,0.15531514836481075,,True,,False
2021-01-08 22:30:00+00:00,179,SELL,trailing_stop_same_bar,40150.13,40130.054935,0.017,0.0,39694.44063870381,682.210933895,0.34110546694750005,0.34127610499995353,,True,7.405443037035221,True
2021-01-09 00:00:00+00:00,180,BUY,Base,40638.91,40659.229455,0.009000000000000001,0.009000000000000001,40659.229455,365.9330650950001,0.18296653254750003,0.18287509499997398,,True,,False
2021-01-09 06:00:00+00:00,180,BUY,SO1,39032.8602768,39052.3767069384,0.008,0.017,39903.06345591218,312.4190136555072,0.15620950682775359,0.1561314411071944,,True,,False
2021-01-09 09:00:00+00:00,180,SELL,trailing_stop_same_bar,40210.89,40190.784555,0.017,0.0,39903.06345591218,683.2433374350001,0.34162166871750005,0.341792565000018,,True,4.8912586844928665,True
2021-01-09 12:00:00+00:00,181,BUY,Base,40639.69,40660.009845,0.009000000000000001,0.009000000000000001,40660.009845,365.940088605,0.18297004430250002,0.18287860499998354,,True,,False
2021-01-09 13:35:00+00:00,181,SELL,trailing_stop_same_bar,41138.275,41117.705862500006,0.009000000000000001,0.0,40660.009845,370.0593527625001,0.18502967638125006,0.18512223749995613,,True,4.119264157500053,True
2021-01-09 16:00:00+00:00,182,BUY,Base,40600.01,40620.310005,0.009000000000000001,0.009000000000000001,40620.310005,365.582790045,0.18279139502250003,0.18270004499997597,,True,,False
2021-01-10 01:20:00+00:00,182,SELL,trailing_stop_same_bar,41130.1,41109.53495,0.009000000000000001,0.0,40620.310005,369.98581455000004,0.18499290727500003,0.18508544999997686,,True,4.403024505000016,True
2021-01-10 04:00:00+00:00,183,BUY,Base,40388.17,40408.364084999994,0.009000000000000001,0.009000000000000001,40408.364084999994,363.675276765,0.1818376383825,0.18174676499995987,,True,,False
2021-01-10 06:40:00+00:00,183,SELL,trailing_stop_same_bar,40805.18,40784.77741,0.009000000000000001,0.0,40408.364084999994,367.0629966900001,0.18353149834500004,0.18362330999998086,,True,3.387719925000078,True
2021-01-10 08:00:00+00:00,184,BUY,Base,41056.69,41077.218345,0.009000000000000001,0.009000000000000001,41077.218345,369.69496510500005,0.18484748255250003,0.1847551049999893,,True,,False
2021-01-10 11:20:00+00:00,184,BUY,SO1,39434.1296112,39453.846676005596,0.008,0.017,40313.27873606146,315.6307734080448,0.1578153867040224,0.15773651844478445,,True,,False
2021-01-10 17:35:00+00:00,184,BUY,SO2,37380.268693950005,37398.95882829698,0.009000000000000001,0.026000000000000002,39304.47569106606,336.59062945467286,0.16829531472733644,0.16821120912275367,,True,,False
2021-01-11 03:30:00+00:00,184,BUY,SO3,34504.8634098,34522.11584150489,0.01,0.036000000000000004,37976.042399521284,345.22115841504893,0.17261057920752448,0.1725243170489557,,True,,False
2021-01-14 07:20:00+00:00,184,SELL,trailing_stop_same_bar,38346.96,38327.78652,0.036000000000000004,0.0,37976.042399521284,1379.8003147200002,0.6899001573600001,0.6902452799999156,,True,12.662788337233827,True
2021-01-14 08:00:00+00:00,185,BUY,Base,38235.8,38254.9179,0.01,0.01,38254.9179,382.54917900000004,0.19127458950000004,0.19117899999997462,,True,,False
2021-01-14 08:15:00+00:00,185,SELL,trailing_stop_same_bar,38655.75,38636.422125000005,0.01,0.0,38254.9179,386.36422125000007,0.19318211062500004,0.193278749999954,,True,3.8150422500000425,True
2021-01-14 12:00:00+00:00,186,BUY,Base,38415.38,38434.58768999999,0.01,0.01,38434.58768999999,384.34587689999995,0.19217293844999997,0.19207689999995636,,True,,False
2021-01-14 13:50:00+00:00,186,SELL,trailing_stop_same_bar,38875.85395,38856.416023025,0.01,0.0,38434.58768999999,388.56416023024997,0.194282080115125,0.19437926974998845,,True,4.218283330250051,True
2021-01-14 16:00:00+00:00,187,BUY,Base,39580.96,39600.750479999995,0.01,0.01,39600.750479999995,396.00750479999994,0.19800375239999998,0.19790479999996025,,True,,False
2021-01-15 05:50:00+00:00,187,BUY,SO1,38016.720460799996,38035.728821030396,0.009000000000000001,0.019000000000000003,38859.42443101439,342.3215593892736,0.1711607796946368,0.17107524207360258,,True,,False
2021-01-15 15:45:00+00:00,187,BUY,SO2,36036.682936799996,36054.701278268396,0.009000000000000001,0.028000000000000004,37957.906274774614,324.4923115044156,0.16224615575220783,0.16216507321559767,,True,,False
2021-01-21 08:55:00+00:00,187,BUY,SO3,33264.6304032,33281.262718401595,0.01,0.038000000000000006,36727.21060204487,332.812627184016,0.166406313592008,0.16632315201597522,,True,,False
2021-01-22 00:30:00+00:00,187,BUY,SO4,29304.555355199995,29319.207632877595,0.011,0.049,35064.18952733385,322.51128396165353,0.16125564198082676,0.16117505445360075,,True,,False
2021-01-29 08:55:00+00:00,187,SELL,trailing_stop_same_bar,35235.0,35217.3825,0.049,0.0,35064.18952733385,1725.6517425,0.86282587125,0.8632575000000143,,True,7.5064556606412225,True
2021-01-29 12:00:00+00:00,188,BUY,Base,37069.44,37087.97472,0.01,0.01,37087.97472,370.8797472,0.1854398736,0.18534719999996013,,True,,False
2021-01-29 12:50:00+00:00,188,SELL,trailing_stop_same_bar,37445.92,37427.19704,0.01,0.0,37087.97472,374.2719704,0.1871359852,0.18722959999999148,,True,3.3922232000000077,True
2021-01-29 16:00:00+00:00,189,BUY,Base,37176.39,37194.978194999996,0.01,0.01,37194.978194999996,371.94978195,0.185974890975,0.18588194999996632,,True,,False
2021-01-29 17:05:00+00:00,189,BUY,SO1,35707.17906719999,35725.03265673359,0.009000000000000001,0.019000000000000003,36498.688203189595,321.52529391060233,0.16076264695530118,0.16068230580235834,,True,,False
2021-01-29 19:45:00+00:00,189,BUY,SO2,33847.43015745,33864.35387252872,0.01,0.029000000000000005,35590.29705468584,338.6435387252872,0.16932176936264362,0.16923715078723034,,True,,False
2021-02-03 00:25:00+00:00,189,SELL,trailing_stop_same_bar,35963.55,35945.568225,0.029000000000000005,0.0,35590.29705468584,1042.4214785250003,0.5212107392625002,0.5214714750000058,,True,10.30286393911068,True
2021-02-03 04:00:00+00:00,190,BUY,Base,36446.26,36464.48313,0.011,0.011,36464.48313,401.10931443,0.200554657215,0.2004544299999834,,True,,False
2021-02-03 16:00:00+00:00,190,SELL,trailing_stop_same_bar,36891.1,36872.65445,0.011,0.0,36464.48313,405.59919895,0.202799599475,0.202901049999964,,True,4.489884520000014,True
2021-02-03 20:00:00+00:00,191,BUY,Base,36821.01,36839.420505,0.01,0.01,36839.420505,368.39420505000004,0.18419710252500002,0.1841050499999983,,True,,False
2021-02-03 21:30:00+00:00,191,SELL,trailing_stop_same_bar,37200.01,37181.409995,0.01,0.0,36839.420505,371.81409995,0.18590704997500002,0.1860000500000024,,True,3.419894899999999,True
2021-02-04 00:00:00+00:00,192,BUY,Base,37651.92,37670.74595999999,0.01,0.01,37670.74595999999,376.70745959999994,0.18835372979999998,0.18825959999994665,,True,,False
2021-02-04 01:10:00+00:00,192,SELL,trailing_stop,38155.663,38136.5851685,0.01,0.0,37670.74595999999,381.365851685,0.1906829258425,0.19077831499998865,,True,4.658392085000087,False
2021-02-04 04:00:00+00:00,193,BUY,Base,37565.17,37583.952585,0.01,0.01,37583.952585,375.83952585,0.18791976292499998,0.18782585000000837,,True,,False
2021-02-04 06:35:00+00:00,193,SELL,trailing_stop,37973.8765,37954.88956175,0.01,0.0,37583.952585,379.5488956175,0.18977444780875002,0.18986938249996457,,True,3.7093697675000294,False
2021-02-04 08:00:00+00:00,194,BUY,Base,37884.42,37903.36221,0.01,0.01,37903.36221,379.0336221,0.18951681105,0.1894221000000107,,True,,False
2021-02-04 08:10:00+00:00,194,SELL,trailing_stop_same_bar,38179.58,38160.49021,0.01,0.0,37903.36221,381.60490210000006,0.19080245105000004,0.19089789999998175,,True,2.5712800000000424,True
2021-02-04 12:00:00+00:00,195,BUY,Base,37356.21,37374.888105,0.01,0.01,37374.888105,373.74888104999997,0.186874440525,0.1867810499999905,,True,,False
2021-02-05 12:20:00+00:00,195,SELL,trailing_stop_same_bar,37701.22,37682.36939,0.01,0.0,37374.888105,376.8236939,0.18841184695000002,0.18850610000001325,,True,3.0748128500000167,True
2021-02-05 16:00:00+00:00,196,BUY,Base,38006.64,38025.643319999996,0.01,0.01,38025.643319999996,380.25643319999995,0.19012821659999998,0.19003319999996166,,True,,False
2021-02-06 00:00:00+00:00,196,SELL,trailing_stop_same_bar,38357.17,38337.991415,0.01,0.0,38025.643319999996,383.37991415,0.191689957075,0.19178585000001477,,True,3.123480950000012,True
2021-02-06 04:00:00+00:00,197,BUY,Base,39440.83,39460.550415,0.01,0.01,39460.550415,394.60550415,0.197302752075,0.1972041499999614,,True,,False
2021-02-06 11:00:00+00:00,197,SELL,trailing_stop_same_bar,40095.49,40075.442255,0.01,0.0,39460.550415,400.75442255,0.20037721127500002,0.20047744999996212,,True,6.1489184000000385,True
2021-02-06 12:00:00+00:00,198,BUY,Base,40262.0,40282.131,0.01,0.01,40282.131,402.82131000000004,0.20141065500000002,0.20131000000001223,,True,,False
2021-02-06 16:00:00+00:00,198,SELL,trailing_stop_same_bar,40787.438,40767.044281,0.01,0.0,40282.131,407.67044281000005,0.20383522140500004,0.2039371899999969,,True,4.84913281000001,True
2021-02-06 20:00:00+00:00,199,BUY,Base,40258.99,40279.119495,0.01,0.01,40279.119495,402.79119495,0.201395597475,0.20129495000001044,,True,,False
2021-02-07 01:50:00+00:00,199,BUY,SO1,38667.954715199994,38687.288692557595,0.009000000000000001,0.019000000000000003,39525.09437805359,348.18559823301837,0.17409279911650918,0.17400579621840737,,True,,False
2021-02-08 12:40:00+00:00,199,SELL,trailing_stop_same_bar,39303.0,39283.3485,0.019000000000000003,0.0,39525.09437805359,746.3836215000001,0.3731918107500001,0.37337849999999895,,True,-4.593171683018191,True
2021-02-08 16:00:00+00:00,200,BUY,Base,43785.81,43807.702905,0.009000000000000001,0.009000000000000001,43807.702905,394.26932614500004,0.19713466307250002,0.19703614500000552,,True,,False
2021-02-08 21:25:00+00:00,200,SELL,trailing_stop_same_bar,44267.55,44245.41622500001,0.009000000000000001,0.0,43807.702905,398.2087460250001,0.19910437301250006,0.1992039749999531,,True,3.9394198800000892,True
2021-02-09 00:00:00+00:00,201,BUY,Base,46451.32,46474.545659999996,0.008,0.008,46474.545659999996,371.79636528,0.18589818264,0.1858052799999714,,True,,True
2021-02-09 00:00:00+00:00,201,SELL,trailing_stop_same_bar,46451.32,46428.09434,0.008,0.0,46474.545659999996,371.42475472,0.18571237736,0.1858052799999714,,True,-0.3716105599999428,True
2021-02-09 04:00:00+00:00,202,BUY,Base,46696.79,46720.138395,0.008,0.008,46720.138395,373.76110716,0.18688055358,0.18678716000000714,,True,,False
2021-02-09 06:35:00+00:00,202,SELL,trailing_stop_same_bar,47168.45,47144.865775,0.008,0.0,46720.138395,377.1589262,0.1885794631,0.18867379999998957,,True,3.3978190399999733,True
2021-02-09 08:00:00+00:00,203,BUY,Base,47614.65,47638.457324999996,0.008,0.008,47638.457324999996,381.1076586,0.1905538293,0.19045859999995446,,True,,False
2021-02-09 10:55:00+00:00,203,BUY,SO1,45732.91903199999,45755.78549151599,0.007,0.015,46759.8771360408,320.29049844061194,0.16014524922030599,0.16006521661200532,,True,,False
2021-02-09 18:30:00+00:00,203,SELL,trailing_stop_same_bar,47087.23,47063.68638500001,0.015,0.0,46759.8771360408,705.9552957750001,0.3529776478875,0.35315422499992566,,True,4.557138734388136,True
2021-02-09 20:00:00+00:00,204,BUY,Base,47162.49,47186.07124499999,0.008,0.008,47186.07124499999,377.48856995999995,0.18874428497999998,0.18864995999995154,,True,,False
2021-02-10 12:35:00+00:00,204,BUY,SO1,45298.628395199994,45321.27770939759,0.007,0.015,46315.834261718875,317.24894396578316,0.1586244719828916,0.15854519938316664,,True,,False
2021-02-11 13:05:00+00:00,204,SELL,trailing_stop_same_bar,46670.32,46646.984840000005,0.015,0.0,46315.834261718875,699.7047726000001,0.34985238630000004,0.35002739999992627,,True,4.967258674216937,True
2021-02-11 16:00:00+00:00,205,BUY,Base,48069.65,48093.684825,0.008,0.008,48093.684825,384.7494786,0.19237473929999999,0.19227859999996144,,True,,False
2021-02-12 00:10:00+00:00,205,SELL,trailing_stop_same_bar,48755.79,48731.412105,0.008,0.0,48093.684825,389.85129684000003,0.19492564842000001,0.19502315999998246,,True,5.101818240000052,True
2021-02-12 04:00:00+00:00,206,BUY,Base,47690.9,47714.74545,0.008,0.008,47714.74545,381.7179636,0.19085898180000002,0.1907636000000057,,True,,False
2021-02-14 05:45:00+00:00,206,SELL,trailing_stop_same_bar,48070.0,48045.965000000004,0.008,0.0,47714.74545,384.36772,0.19218386,0.19227999999996973,,True,2.649756400000013,True
2021-02-14 08:00:00+00:00,207,BUY,Base,48823.84,48848.251919999995,0.008,0.008,48848.251919999995,390.78601535999996,0.19539300767999998,0.19529535999998918,,True,,False
2021-02-14 12:10:00+00:00,207,SELL,trailing_stop_same_bar,49244.48,49219.857760000006,0.008,0.0,48848.251919999995,393.7588620800001,0.19687943104000005,0.19697791999997571,,True,2.9728467200000885,True
2021-02-14 16:00:00+00:00,208,BUY,Base,48630.08,48654.395039999996,0.008,0.008,48654.395039999996,389.23516032,0.19461758016,0.19452031999995234,,True,,False
2021-02-14 22:45:00+00:00,208,SELL,trailing_stop,49153.0,49128.423500000004,0.008,0.0,48654.395039999996,393.02738800000003,0.19651369400000002,0.19661199999996462,,True,3.792227680000069,False
2021-02-15 00:00:00+00:00,209,BUY,Base,48655.21,48679.537605,0.008,0.008,48679.537605,389.43630084,0.19471815042,0.1946208399999887,,True,,False
2021-02-15 02:15:00+00:00,209,BUY,SO1,46732.356100799996,46755.72227885039,0.007,0.015,47781.75711946352,327.29005595195275,0.16364502797597638,0.16356324635277997,,True,,False
2021-02-15 16:15:00+00:00,209,SELL,trailing_stop_same_bar,48180.02,48155.92999,0.015,0.0,47781.75711946352,722.33894985,0.36116947492499996,0.36135014999999837,,True,5.612593058047205,True
2021-02-15 20:00:00+00:00,210,BUY,Base,48722.76,48747.12138,0.008,0.008,48747.12138,389.97697103999997,0.19498848551999998,0.1948910399999586,,True,,False
2021-02-16 03:25:00+00:00,210,SELL,trailing_stop_same_bar,49285.8723,49261.229363850005,0.008,0.0,48747.12138,394.08983491080005,0.19704491745540004,0.19714348919998156,,True,4.112863870800066,True
2021-02-16 04:00:00+00:00,211,BUY,Base,49716.61,49741.468304999995,0.008,0.008,49741.468304999995,397.93174644,0.19896587322,0.19886643999995432,,True,,False
2021-02-16 12:30:00+00:00,211,SELL,trailing_stop_same_bar,50063.29,50038.258355000005,0.008,0.0,49741.468304999995,400.30606684,0.20015303342000001,0.20025315999996382,,True,2.374320400000084,True
2021-02-16 16:00:00+00:00,212,BUY,Base,49036.02,49060.53801,0.008,0.008,49060.53801,392.48430407999996,0.19624215203999998,0.19614407999999822,,True,,False
2021-02-17 02:10:00+00:00,212,SELL,trailing_stop_same_bar,49545.41,49520.63729500001,0.008,0.0,49060.53801,396.16509836000006,0.19808254918000004,0.19818163999996613,,True,3.6807942800000895,True
2021-02-17 04:00:00+00:00,213,BUY,Base,49729.39,49754.254694999996,0.008,0.008,49754.254694999996,398.03403756,0.19901701878,0.1989175599999726,,True,,False
2021-02-17 06:35:00+00:00,213,SELL,trailing_stop_same_bar,50131.61,50106.544195,0.008,0.0,49754.254694999996,400.85235356000004,0.20042617678000002,0.2005264399999869,,True,2.81831600000005,True
2021-02-17 08:00:00+00:00,214,BUY,Base,51188.71,51214.30435499999,0.008,0.008,51214.30435499999,409.71443483999997,0.20485721742,0.2047548399999505,,True,,False
2021-02-17 19:30:00+00:00,214,SELL,trailing_stop_same_bar,51888.78,51862.83561,0.008,0.0,51214.30435499999,414.90268488000004,0.20745134244000002,0.20755511999997545,,True,5.188250040000072,True
2021-02-17 20:00:00+00:00,215,BUY,Base,52250.27,52276.39513499999,0.007,0.007,52276.39513499999,365.9347659449999,0.18296738297249995,0.1828759449999634,,True,,False
2021-02-19 09:20:00+00:00,215,SELL,trailing_stop_same_bar,52750.01,52723.63499500001,0.007,0.0,52276.39513499999,369.06544496500004,0.18453272248250002,0.1846250349999609,,True,3.1306790200001124,True
2021-02-19 12:00:00+00:00,216,BUY,Base,52831.05,52857.465525,0.007,0.007,52857.465525,370.002258675,0.18500112933750001,0.18490867499997693,,True,,False
2021-02-19 15:30:00+00:00,216,SELL,trailing_stop_same_bar,53391.7,53365.00415,0.007,0.0,52857.465525,373.55502905000003,0.18677751452500002,0.186870949999975,,True,3.5527703750000073,True
2021-02-19 16:00:00+00:00,217,BUY,Base,53939.51,53966.479755,0.007,0.007,53966.479755,377.765358285,0.1888826791425,0.18878828499998782,,True,,False
2021-02-19 16:30:00+00:00,217,SELL,trailing_stop_same_bar,54574.39,54547.102805,0.007,0.0,53966.479755,381.829719635,0.1909148598175,0.1910103649999801,,True,4.064361350000014,True
2021-02-19 20:00:00+00:00,218,BUY,Base,55139.73,55167.299865,0.007,0.007,55167.299865,386.171099055,0.1930855495275,0.19298905499998364,,True,,False
2021-02-19 21:05:00+00:00,218,SELL,trailing_stop_same_bar,55608.15,55580.345925,0.007,0.0,55167.299865,389.062421475,0.19453121073750002,0.19462852500000008,,True,2.8913224200000043,True
2021-02-20 00:00:00+00:00,219,BUY,Base,56005.85,56033.85292499999,0.007,0.007,56033.85292499999,392.23697047499996,0.19611848523749997,0.19602047499995387,,True,,False
2021-02-20 12:10:00+00:00,219,SELL,trailing_stop_same_bar,56616.31,56588.001845,0.007,0.0,56033.85292499999,396.116012915,0.1980580064575,0.19815708499999166,,True,3.8790424400000485,True
2021-02-20 16:00:00+00:00,220,BUY,Base,56231.96,56260.075979999994,0.007,0.007,56260.075979999994,393.82053185999996,0.19691026593,0.19681185999996523,,True,,False
2021-02-20 17:00:00+00:00,220,SELL,trailing_stop_same_bar,56811.73,56783.32413500001,0.007,0.0,56260.075979999994,397.4832689450001,0.19874163447250004,0.1988410549999535,,True,3.66273708500011,True
2021-02-20 20:00:00+00:00,221,BUY,Base,57063.18,57091.71159,0.007,0.007,57091.71159,399.64198113,0.199820990565,0.1997211299999908,,True,,False
2021-02-20 22:40:00+00:00,221,BUY,SO1,54808.0431264,54835.4471479632,0.006,0.013000000000000001,56050.358770598395,329.0126828877792,0.1645063414438896,0.16442412937918563,,True,,False
2021-02-21 03:20:00+00:00,221,SELL,trailing_stop,56715.0,56686.6425,0.013000000000000001,0.0,56050.358770598395,736.9263525000001,0.3684631762500001,0.3686474999999773,,True,8.271688482220881,False
2021-02-21 04:00:00+00:00,222,BUY,Base,56599.04,56627.33952,0.007,0.007,56627.33952,396.39137664000003,0.19819568832,0.1980966400000034,,True,,False
2021-02-21 10:10:00+00:00,222,SELL,trailing_stop_same_bar,57167.87,57139.28606500001,0.007,0.0,56627.33952,399.97500245500004,0.19998750122750003,0.20008754499996576,,True,3.583625815000043,True
2021-02-21 12:00:00+00:00,223,BUY,Base,57414.45,57443.157224999995,0.007,0.007,57443.157224999995,402.10210057499995,0.20105105028749998,0.20095057499998803,,True,,False
2021-02-21 18:50:00+00:00,223,SELL,trailing_stop_same_bar,58149.07,58119.995465,0.007,0.0,57443.157224999995,406.83996825500003,0.2034199841275,0.2035217449999982,,True,4.737867680000032,True
2021-02-21 20:00:00+00:00,224,BUY,Base,58181.37,58210.460685,0.007,0.007,58210.460685000005,407.473224795,0.20373661239750002,0.20363479499996903,,True,,False
2021-02-22 03:50:00+00:00,224,BUY,SO1,55882.0422576,55909.983278728796,0.006,0.013000000000000001,57148.7018821056,335.4598996723728,0.1677299498361864,0.16764612677278637,,True,,False
2021-02-22 12:20:00+00:00,224,BUY,SO2,52971.51922335,52998.00498296167,0.006,0.019000000000000003,55837.95549290225,317.98802989777005,0.15899401494888502,0.1589145576700248,,True,,False
2021-02-22 14:15:00+00:00,224,BUY,SO3,48896.7869754,48921.2353688877,0.007,0.026000000000000002,53975.76161335987,342.4486475822139,0.17122432379110694,0.17113875441389245,,True,,False
2021-02-22 22:00:00+00:00,224,SELL,trailing_stop_same_bar,54725.0,54697.637500000004,0.026000000000000002,0.0,53975.76161335987,1422.1385750000002,0.7110692875000001,0.7114249999998865,,True,18.76877305264346,True
2021-02-23 00:00:00+00:00,225,BUY,Base,54125.55,54152.612775,0.007,0.007,54152.61277500001,379.06828942500005,0.18953414471250002,0.1894394249999896,,True,,False
2021-02-23 02:30:00+00:00,225,BUY,SO1,51986.508264,52012.50151813199,0.007,0.014,53082.557146565996,364.0875106269239,0.18204375531346195,0.18195277892395825,,True,,False
2021-02-23 05:10:00+00:00,225,BUY,SO2,49278.87762525,49303.517064062624,0.007,0.021,51822.87711906487,345.12461944843835,0.17256230972421918,0.17247607168834655,,True,,False
2021-02-23 09:10:00+00:00,225,BUY,SO3,45488.194730999996,45510.93882836549,0.008,0.029,50081.652763009864,364.0875106269239,0.18204375531346195,0.18195277892396552,,True,,False
2021-02-24 04:15:00+00:00,225,SELL,trailing_stop,51063.4,51037.8683,0.029,0.0,50081.652763009864,1480.0981807,0.74004909035,0.7404192999999869,,True,27.730250572713988,False
2021-02-24 08:00:00+00:00,226,BUY,Base,50148.93,50174.004465,0.008,0.008,50174.004465,401.39203571999997,0.20069601786,0.200595719999983,,True,,False
2021-02-24 08:15:00+00:00,226,SELL,trailing_stop_same_bar,50546.68,50521.40666,0.008,0.0,50174.004465,404.17125328000003,0.20208562664000002,0.20218671999999788,,True,2.7792175600000193,True
2021-02-24 12:00:00+00:00,227,BUY,Base,50397.89,50423.088944999996,0.008,0.008,50423.088944999996,403.38471155999997,0.20169235578,0.20159155999997166,,True,,False
2021-02-24 12:20:00+00:00,227,SELL,trailing_stop_same_bar,50772.11,50746.723945000005,0.008,0.0,50423.088944999996,405.97379156000005,0.20298689578000004,0.20308843999996315,,True,2.5890800000000747,True
2021-02-24 16:00:00+00:00,228,BUY,Base,49863.34,49888.271669999995,0.008,0.008,49888.271669999995,399.10617335999996,0.19955308668,0.19945335999998498,,True,,False
2021-02-25 00:40:00+00:00,228,SELL,trailing_stop_same_bar,50466.99,50441.756505,0.008,0.0,49888.271669999995,403.53405204,0.20176702602000002,0.20186796000000323,,True,4.427878680000023,True
2021-02-25 04:00:00+00:00,229,BUY,Base,50251.01,50276.135505,0.008,0.008,50276.135505,402.20908404,0.20110454202,0.2010040399999707,,True,,False
2021-02-25 12:50:00+00:00,229,SELL,trailing_stop_same_bar,50669.3,50643.965350000006,0.008,0.0,50276.135505,405.1517228000001,0.20257586140000003,0.20267719999997644,,True,2.94263876000006,True
2021-02-25 16:00:00+00:00,230,BUY,Base,50875.0,50900.4375,0.008,0.008,50900.4375,407.2035,0.20360175000000003,0.20350000000000001,,True,,False
2021-02-25 20:15:00+00:00,230,BUY,SO1,48864.42,48888.85221,0.007,0.015,49961.697698,342.22196547,0.171110982735,0.1710254699999932,,True,,False
2021-02-26 00:30:00+00:00,230,BUY,SO2,46319.398125,46342.5578240625,0.008,0.023,48702.8664375,370.74046259249997,0.18537023129625,0.18527759249997325,,True,,False
2021-03-01 16:00:00+00:00,230,SELL,trailing_stop_same_bar,49184.51,49159.917745000006,0.023,0.0,48702.8664375,1130.6781081350002,0.5653390540675002,0.5656218649999064,,True,10.512180072500122,True
2021-03-01 20:00:00+00:00,231,BUY,Base,48279.27,48303.409634999996,0.008,0.008,48303.409634999996,386.42727707999995,0.19321363853999998,0.19311707999999636,,True,,False
2021-03-01 22:30:00+00:00,231,SELL,trailing_stop_same_bar,48985.3,48960.80735,0.008,0.0,48303.409634999996,391.6864588,0.1958432294,0.19594120000000112,,True,5.2591817200000515,True
2021-03-02 00:00:00+00:00,232,BUY,Base,49594.99,49619.787495,0.008,0.008,49619.787495,396.95829996,0.19847914998,0.1983799599999911,,True,,False
2021-03-02 16:45:00+00:00,232,BUY,SO1,47634.99599519999,47658.81349319759,0.007,0.015,48704.66629415887,333.6116944523831,0.16680584722619157,0.16672248598316947,,True,,False
2021-03-03 05:30:00+00:00,232,SELL,trailing_stop,49196.78,49172.18161,0.015,0.0,48704.66629415887,737.58272415,0.368791362075,0.36897584999998795,,True,7.0127297376169,False
2021-03-03 08:00:00+00:00,233,BUY,Base,49763.58,49788.46179,0.008,0.008,49788.46179,398.30769432,0.19915384716,0.19905431999999565,,True,,False
2021-03-03 08:15:00+00:00,233,SELL,trailing_stop_same_bar,50062.81,50037.778595,0.008,0.0,49788.46179,400.30222876000005,0.20015111438000002,0.20025123999995412,,True,1.9945344400000178,True
2021-03-03 12:00:00+00:00,234,BUY,Base,51721.33,51747.190665,0.008,0.008,51747.190665,413.97752532000004,0.20698876266000002,0.20688532000000123,,True,,False
2021-03-03 12:55:00+00:00,234,SELL,trailing_stop_same_bar,52341.31,52315.139345,0.008,0.0,51747.190665,418.52111476000005,0.20926055738000002,0.20936523999995552,,True,4.5435894400000105,True
2021-03-03 16:00:00+00:00,235,BUY,Base,50796.23,50821.628115,0.008,0.008,50821.628115,406.57302492,0.20328651246,0.2031849199999706,,True,,False
2021-03-03 18:25:00+00:00,235,SELL,trailing_stop,51386.52625,51360.83298687501,0.008,0.0,50821.628115,410.8866638950001,0.20544333194750006,0.20554610499995762,,True,4.313638975000067,False
2021-03-03 20:00:00+00:00,236,BUY,Base,50879.73,50905.169865,0.008,0.008,50905.169865,407.24135892000004,0.20362067946000004,0.20351892000000227,,True,,False
2021-03-04 01:25:00+00:00,236,SELL,trailing_stop_same_bar,51413.4808,51387.7740596,0.008,0.0,50905.169865,411.1021924768,0.20555109623839998,0.20565392319997772,,True,3.860833556799975,True
2021-03-04 04:00:00+00:00,237,BUY,Base,49609.62,49634.42481,0.008,0.008,49634.42481,397.07539848,0.19853769924,0.19843847999995343,,True,,False
2021-03-04 08:05:00+00:00,237,SELL,trailing_stop_same_bar,50263.24,50238.10838,0.008,0.0,49634.42481,401.90486704,0.20095243352,0.2010529600000009,,True,4.8294685600000085,True
2021-03-04 12:00:00+00:00,238,BUY,Base,49350.45,49375.125224999996,0.008,0.008,49375.125224999996,395.0010018,0.1975005009,0.19740179999999236,,True,,False
2021-03-04 14:30:00+00:00,238,SELL,trailing_stop_same_bar,49665.06,49640.22747,0.008,0.0,49375.125224999996,397.12181976,0.19856090988,0.19866023999999743,,True,2.1208179600000148,True
2021-03-04 16:00:00+00:00,239,BUY,Base,49438.64,49463.359319999996,0.008,0.008,49463.359319999996,395.70687455999996,0.19785343728,0.19775455999997213,,True,,False
2021-03-05 00:05:00+00:00,239,BUY,SO1,47484.824947199995,47508.567359673594,0.007,0.015,48551.12307184768,332.55997151771516,0.16627998575885758,0.16619688731519272,,True,,False
2021-03-05 19:50:00+00:00,239,SELL,trailing_stop_same_bar,48903.09,48878.638455,0.015,0.0,48551.12307184768,733.179576825,0.3665897884125,0.3667731749999439,,True,4.912730747284804,True
2021-03-05 20:00:00+00:00,240,BUY,Base,49298.42,49323.069209999994,0.008,0.008,49323.069209999994,394.58455367999994,0.19729227683999997,0.19719367999996756,,True,,False
2021-03-06 13:15:00+00:00,240,BUY,SO1,47350.146441599994,47373.82151482079,0.007,0.015,48413.42028558303,331.6167506037455,0.16580837530187276,0.16572551254556311,,True,,False
2021-03-06 22:30:00+00:00,240,SELL,trailing_stop_same_bar,48721.68,48697.31916000001,0.015,0.0,48413.42028558303,730.4597874000001,0.36522989370000003,0.3654125999999087,,True,4.258483116254647,True
2021-03-07 00:00:00+00:00,241,BUY,Base,48908.21,48932.664104999996,0.008,0.008,48932.664104999996,391.46131284,0.19573065642,0.19563283999997658,,True,,False
2021-03-07 02:20:00+00:00,241,SELL,trailing_stop_same_bar,49349.21,49324.535395,0.008,0.0,48932.664104999996,394.59628316,0.19729814158,0.19739684000000124,,True,3.134970320000022,True
2021-03-07 04:00:00+00:00,242,BUY,Base,49582.55,49607.341275,0.008,0.008,49607.341275,396.8587302,0.1984293651,0.1983301999999676,,True,,False
2021-03-07 08:00:00+00:00,242,SELL,trailing_stop_same_bar,50084.61,50059.567695000005,0.008,0.0,49607.341275,400.47654156000004,0.20023827078000003,0.20033843999996317,,True,3.6178113600000508,True
2021-03-07 12:00:00+00:00,243,BUY,Base,50745.73,50771.102865,0.008,0.008,50771.102865,406.16882292,0.20308441146000003,0.20298291999998036,,True,,False
2021-03-08 00:35:00+00:00,243,SELL,trailing_stop,51484.095949999995,51458.353902024995,0.008,0.0,50771.102865,411.66683121619997,0.20583341560809998,0.205936383799999,,True,5.498008296199958,False
2021-03-08 04:00:00+00:00,244,BUY,Base,50625.97,50651.282985,0.008,0.008,50651.282985,405.21026388,0.20260513194000002,0.20250387999997474,,True,,False
2021-03-08 19:30:00+00:00,244,SELL,trailing_stop_same_bar,51035.62,51010.102190000005,0.008,0.0,50651.282985,408.08081752000004,0.20404040876,0.20414247999998042,,True,2.8705536400000566,True
2021-03-08 20:00:00+00:00,245,BUY,Base,51372.12,51397.80606,0.008,0.008,51397.80606,411.18244848,0.20559122424,0.20548847999999997,,True,,False
2021-03-08 23:30:00+00:00,245,SELL,trailing_stop_same_bar,51857.9,51831.97105000001,0.008,0.0,51397.80606,414.65576840000006,0.20732788420000003,0.2074315999999526,,True,3.473319920000038,True
2021-03-09 00:00:00+00:00,246,BUY,Base,52429.43,52455.644714999995,0.008,0.008,52455.644714999995,419.64515772,0.20982257886,0.2097177199999569,,True,,False
2021-03-09 01:30:00+00:00,246,SELL,trailing_stop_same_bar,53016.01,52989.501995000006,0.008,0.0,52455.644714999995,423.91601596000004,0.21195800798000003,0.21206403999996837,,True,4.270858240000089,True
2021-03-09 04:00:00+00:00,247,BUY,Base,53876.3,53903.23815,0.008,0.008,53903.23815,431.2259052,0.2156129526,0.21550519999995596,,True,,False
2021-03-09 14:00:00+00:00,247,SELL,trailing_stop,54570.5561,54543.270821950005,0.008,0.0,53903.23815,436.3461665756001,0.21817308328780005,0.218282224399969,,True,5.120261375600065,False
2021-03-09 16:00:00+00:00,248,BUY,Base,54127.61,54154.673805,0.008,0.008,54154.673805,433.23739044,0.21661869522000002,0.21651043999998365,,True,,False
2021-03-10 00:00:00+00:00,248,SELL,trailing_stop_same_bar,54885.792,54858.349104,0.008,0.0,54154.673805,438.866792832,0.219433396416,0.21954316800000379,,True,5.629402392000018,True
2021-03-10 04:00:00+00:00,249,BUY,Base,53557.14,53583.918569999994,0.008,0.008,53583.918569999994,428.67134855999996,0.21433567427999997,0.21422855999995954,,True,,False
2021-03-10 08:00:00+00:00,249,SELL,trailing_stop,54169.42185,54142.337139075,0.008,0.0,53583.918569999994,433.1386971126,0.21656934855630003,0.21667768739996246,,True,4.467348552600074,False
2021-03-10 12:00:00+00:00,250,BUY,Base,54927.99,54955.453994999996,0.008,0.008,54955.453994999996,439.64363196,0.21982181598,0.219711959999986,,True,,False
2021-03-10 13:30:00+00:00,250,SELL,trailing_stop_same_bar,55612.41,55584.60379500001,0.008,0.0,54955.453994999996,444.6768303600001,0.22233841518000005,0.222449639999948,,True,5.03319840000011,True
2021-03-10 16:00:00+00:00,251,BUY,Base,56374.82,56403.00741,0.007,0.007,56403.00741,394.82105187,0.19741052593500003,0.19731186999999045,,True,,False
2021-03-10 18:40:00+00:00,251,SELL,trailing_stop_same_bar,56963.75,56935.268125,0.007,0.0,56403.00741,398.546876875,0.1992734384375,0.19937312499998372,,True,3.725825005000028,True
2021-03-10 20:00:00+00:00,252,BUY,Base,56824.98,56853.39249,0.007,0.007,56853.39249,397.97374743,0.198986873715,0.19888742999996611,,True,,False
2021-03-11 08:05:00+00:00,252,BUY,SO1,54579.256790399995,54606.546418795195,0.007,0.014,55729.9694543976,382.24582493156635,0.19112291246578317,0.1910273987663968,,True,,False
2021-03-11 13:00:00+00:00,252,SELL,trailing_stop_same_bar,56347.22,56319.04639,0.014,0.0,55729.9694543976,788.4666494600001,0.39423332473000006,0.39443053999997213,,True,8.24707709843364,True
2021-03-11 16:00:00+00:00,253,BUY,Base,56431.36,56459.575679999994,0.007,0.007,56459.575679999994,395.21702975999995,0.19760851487999997,0.19750975999995718,,True,,False
2021-03-11 18:35:00+00:00,253,SELL,trailing_stop_same_bar,57264.02,57235.38799,0.007,0.0,56459.575679999994,400.64771593,0.20032385796500002,0.2004240699999573,,True,5.430686170000059,True
2021-03-11 20:00:00+00:00,254,BUY,Base,56906.17,56934.62308499999,0.007,0.007,56934.62308499999,398.54236159499993,0.19927118079749997,0.19917159499995615,,True,,False
2021-03-11 21:00:00+00:00,254,SELL,trailing_stop_same_bar,57538.15,57509.380925000005,0.007,0.0,56934.62308499999,402.56566647500006,0.20128283323750004,0.20138352499997564,,True,4.023304880000091,True
2021-03-12 00:00:00+00:00,255,BUY,Base,57842.64,57871.56131999999,0.007,0.007,57871.56131999999,405.10092923999997,0.20255046461999998,0.2024492399999581,,True,,False
2021-03-12 13:10:00+00:00,255,BUY,SO1,55556.69886719999,55584.47721663359,0.006,0.013000000000000001,56815.98404152319,333.5068632998015,0.16675343164990075,0.16667009660157783,,True,,False
2021-03-12 16:25:00+00:00,255,SELL,trailing_stop_same_bar,57365.41,57336.727295000004,0.013000000000000001,0.0,56815.98404152319,745.3774548350001,0.37268872741750003,0.3728751649999904,,True,6.769662295198607,True
2021-03-12 20:00:00+00:00,256,BUY,Base,57004.62,57033.12231,0.007,0.007,57033.12231,399.23185617,0.199615928085,0.1995161699999735,,True,,False
2021-03-13 10:05:00+00:00,256,SELL,trailing_stop_same_bar,57569.63,57540.845185,0.007,0.0,57033.12231,402.785916295,0.2013929581475,0.2014937049999935,,True,3.5540601249999964,True
2021-03-13 12:00:00+00:00,257,BUY,Base,59914.58,59944.53729,0.007,0.007,59944.53729,419.61176103,0.20980588051500002,0.20970102999998927,,True,,False
2021-03-13 19:50:00+00:00,257,SELL,trailing_stop_same_bar,60590.17,60559.874915,0.007,0.0,59944.53729,423.919124405,0.2119595622025,0.21206559499998548,,True,4.307363375000001,True
2021-03-13 20:00:00+00:00,258,BUY,Base,60805.52,60835.922759999994,0.007,0.007,60835.922759999994,425.85145931999995,0.21292572965999998,0.21281931999998052,,True,,False
2021-03-13 20:30:00+00:00,258,SELL,trailing_stop_same_bar,61389.02,61358.32549,0.007,0.0,60835.922759999994,429.50827843,0.214754139215,0.21486156999995729,,True,3.6568191100000624,True
2021-03-14 00:00:00+00:00,259,BUY,Base,61267.41,61298.043705000004,0.007,0.007,61298.043705000004,429.08630593500004,0.2145431529675,0.21443593500000135,,True,,False
2021-03-15 00:00:00+00:00,259,BUY,SO1,58846.1219568,58875.5450177784,0.006,0.013000000000000001,60179.9673878208,353.2532701066704,0.1766266350533352,0.17653836587039404,,True,,False
2021-03-15 09:20:00+00:00,259,BUY,SO2,55781.21977155001,55809.11038143578,0.006,0.019000000000000003,58799.69675422552,334.8546622886147,0.16742733114430736,0.16734365931461798,,True,,False
2021-03-18 15:50:00+00:00,259,SELL,trailing_stop_same_bar,59419.2707,59389.561064650006,0.019000000000000003,0.0,58799.69675422552,1128.4016602283502,0.5642008301141751,0.5644830716498983,,True,11.207421898065196,True
2021-03-18 16:00:00+00:00,260,BUY,Base,59592.68,59622.476339999994,0.007,0.007,59622.476339999994,417.35733437999994,0.20867866718999997,0.20857437999995454,,True,,False
2021-03-18 19:50:00+00:00,260,BUY,SO1,57237.577286399996,57266.19607504319,0.006,0.013000000000000001,58534.96237155839,343.59717645025916,0.17179858822512958,0.17171273185916652,,True,,False
2021-03-19 20:10:00+00:00,260,SELL,trailing_stop_same_bar,58988.93,58959.435535000004,0.013000000000000001,0.0,58534.96237155839,766.4726619550001,0.3832363309775001,0.38342804499994965,,True,5.518151124741017,True
2021-03-20 00:00:00+00:00,261,BUY,Base,58089.11,58118.154555,0.007,0.007,58118.15455500001,406.82708188500004,0.20341354094250003,0.2033118850000028,,True,,False
2021-03-20 02:35:00+00:00,261,SELL,trailing_stop,58695.05,58665.702475000006,0.007,0.0,58118.15455500001,410.65991732500004,0.20532995866250003,0.20543267499998183,,True,3.8328354399999807,False
2021-03-20 04:00:00+00:00,262,BUY,Base,58436.97,58466.188485,0.007,0.007,58466.188485,409.263319395,0.2046316596975,0.2045293949999832,,True,,False
2021-03-20 12:15:00+00:00,262,SELL,trailing_stop,59127.66605,59098.102216975,0.007,0.0,58466.188485,413.686715518825,0.2068433577594125,0.20694683117500245,,True,4.423396123825005,False
2021-03-20 16:00:00+00:00,263,BUY,Base,59284.71,59314.352354999995,0.007,0.007,59314.352354999995,415.200466485,0.2076002332425,0.2074964849999742,,True,,False
2021-03-21 04:45:00+00:00,263,BUY,SO1,56941.77826079999,56970.24914993039,0.006,0.013000000000000001,58232.458568044785,341.8214948995823,0.17091074744979115,0.17082533478237746,,True,,False
2021-03-22 22:00:00+00:00,263,BUY,SO2,53976.06064305,54003.04867337152,0.007,0.02,56752.165104909145,378.02134071360064,0.18901067035680033,0.188916212250675,,True,,False
2021-03-29 09:35:00+00:00,263,SELL,trailing_stop_same_bar,57270.0,57241.365000000005,0.02,0.0,56752.165104909145,1144.8273000000002,0.5724136500000001,0.5726999999998953,,True,9.783997901817202,True
2021-03-29 12:00:00+00:00,264,BUY,Base,57892.33,57921.276164999996,0.007,0.007,57921.276164999996,405.44893315499996,0.20272446657749998,0.20262315499995748,,True,,False
2021-03-30 10:00:00+00:00,264,SELL,trailing_stop_same_bar,58948.78,58919.30561,0.007,0.0,57921.276164999996,412.43513927000004,0.20621756963500001,0.20632072999997036,,True,6.986206115000052,True
2021-03-30 12:00:00+00:00,265,BUY,Base,59326.4,59356.0632,0.007,0.007,59356.06319999999,415.49244239999996,0.2077462212,0.2076423999999679,,True,,False
2021-03-31 08:05:00+00:00,265,BUY,SO1,56981.820671999994,57010.31158233599,0.006,0.013000000000000001,58273.408607231984,342.061869494016,0.171030934747008,0.17094546201598132,,True,,False
2021-03-31 15:05:00+00:00,265,SELL,trailing_stop_same_bar,58976.237,58946.7488815,0.013000000000000001,0.0,58273.408607231984,766.3077354595001,0.3831538677297501,0.38334554049996955,,True,8.75342356548425,True
2021-03-31 16:00:00+00:00,266,BUY,Base,59367.07,59396.753534999996,0.007,0.007,59396.753534999996,415.777274745,0.2078886373725,0.20778474499997537,,True,,False
2021-04-02 02:30:00+00:00,266,SELL,trailing_stop_same_bar,59580.0,59550.21000000001,0.007,0.0,59396.753534999996,416.85147000000006,0.20842573500000003,0.2085299999999552,,True,1.0741952550000715,True
2021-04-02 04:00:00+00:00,267,BUY,Base,59980.0,60009.99,0.007,0.007,60009.99,420.06993,0.21003496500000002,0.20992999999998574,,True,,False
2021-04-03 21:50:00+00:00,267,BUY,SO1,57609.590399999994,57638.39519519999,0.006,0.013000000000000001,58915.4077824,345.83037117119994,0.17291518558559998,0.17282877119998738,,True,,False
2021-04-10 04:05:00+00:00,267,SELL,trailing_stop_same_bar,59553.9141,59524.13714295001,0.013000000000000001,0.0,58915.4077824,773.8137828583501,0.38690689142917506,0.38710044164993457,,True,7.913481687150118,True
2021-04-10 08:00:00+00:00,268,BUY,Base,60614.66,60644.96733,0.007,0.007,60644.96733,424.51477131,0.21225738565500002,0.212151309999972,,True,,False
2021-04-13 08:10:00+00:00,268,SELL,trailing_stop_same_bar,61208.6,61177.9957,0.007,0.0,60644.96733,428.2459699,0.21412298494999998,0.2142300999999934,,True,3.73119859,True
2021-04-13 12:00:00+00:00,269,BUY,Base,63069.52,63101.05475999999,0.007,0.007,63101.05475999999,441.70738331999996,0.22085369166,0.22074331999996502,,True,,False
2021-04-14 04:40:00+00:00,269,SELL,trailing_stop_same_bar,63858.35,63826.420825,0.007,0.0,63101.05475999999,446.78494577500004,0.22339247288750003,0.2235042249999824,,True,5.077562455000065,True
2021-04-14 08:00:00+00:00,270,BUY,Base,64382.35,64414.541175,0.007,0.007,64414.541175,450.901788225,0.22545089411250002,0.2253382249999995,,True,,False
2021-04-14 18:05:00+00:00,270,BUY,SO1,61837.959528,61868.878507764,0.006,0.013000000000000001,63239.61994396799,371.213271046584,0.185606635523292,0.1855138785839954,,True,,False
2021-04-18 03:05:00+00:00,270,BUY,SO2,58617.232469250004,58646.54108548463,0.006,0.019000000000000003,61789.17398865744,351.87924651290774,0.17593962325645388,0.17585169740773562,,True,,False
2021-04-18 03:20:00+00:00,270,BUY,SO3,54108.214586999995,54135.26869429349,0.007,0.026000000000000002,59728.507178636384,378.9468808600544,0.1894734404300272,0.1893787510544571,,True,,False
2021-04-23 08:10:00+00:00,270,BUY,SO4,47666.7604695,47690.593849734745,0.008,0.034,56896.056983600705,381.52475079787797,0.19076237539893898,0.19066704187798314,,True,,False
2021-04-30 23:30:00+00:00,270,SELL,trailing_stop_same_bar,57486.2,57457.4569,0.034,0.0,56896.056983600705,1953.5535346000001,0.9767767673000001,0.9772653999999894,,True,19.087597157575935,True
2021-05-01 00:00:00+00:00,271,BUY,Base,57688.29,57717.134144999996,0.007,0.007,57717.134144999996,404.019939015,0.2020099695075,0.20190901499996836,,True,,False
2021-05-03 07:25:00+00:00,271,SELL,trailing_stop_same_bar,58093.0,58063.9535,0.007,0.0,57717.134144999996,406.4476745,0.20322383725,0.20332549999997718,,True,2.4277354850000483,True
2021-05-03 08:00:00+00:00,272,BUY,Base,58847.37,58876.793685,0.007,0.007,58876.793685,412.13755579499997,0.2060687778975,0.20596579499996007,,True,,False
2021-05-03 21:10:00+00:00,272,BUY,SO1,56521.72193759999,56549.98279856879,0.007,0.014,57713.38824178439,395.8498795899815,0.19792493979499076,0.19782602678157127,,True,,False
2021-05-04 15:15:00+00:00,272,BUY,SO2,53577.88225335,53604.67119447667,0.007,0.021,56343.815892681814,375.2326983613367,0.18761634918066836,0.18752258788671317,,True,,False
2021-05-05 15:00:00+00:00,272,SELL,trailing_stop_same_bar,56982.57,56954.078715,0.021,0.0,56343.815892681814,1196.0356530150002,0.5980178265075001,0.5983169849999249,,True,12.815519268681973,True
2021-05-05 16:00:00+00:00,273,BUY,Base,57596.09,57624.88804499999,0.008,0.008,57624.88804499999,460.99910435999993,0.23049955217999998,0.2303843599999673,,True,,False
2021-05-06 19:15:00+00:00,273,BUY,SO1,55319.89252319999,55347.55246946159,0.007,0.015,56562.13144308207,387.43286728623116,0.19371643364311558,0.1936196238311968,,True,,False
2021-05-07 12:35:00+00:00,273,SELL,trailing_stop_same_bar,56950.0,56921.525,0.015,0.0,56562.13144308207,853.822875,0.4269114375,0.42712499999997816,,True,5.3909033537689535,True
2021-05-07 16:00:00+00:00,274,BUY,Base,57558.07,57586.849035,0.008,0.008,57586.849035,460.69479228,0.23034739614,0.23023227999999654,,True,,False
2021-05-07 17:00:00+00:00,274,SELL,trailing_stop_same_bar,58375.55,58346.362225000004,0.008,0.0,57586.849035,466.77089780000006,0.23338544890000004,0.23350219999998809,,True,6.076105520000041,True
2021-05-07 20:00:00+00:00,275,BUY,Base,57670.63,57699.465314999994,0.008,0.008,57699.465314999994,461.59572252,0.23079786126,0.23068251999997302,,True,,False
2021-05-08 04:15:00+00:00,275,SELL,trailing_stop_same_bar,58225.04,58195.927480000006,0.008,0.0,57699.465314999994,465.56741984000007,0.23278370992000005,0.23290015999996103,,True,3.971697320000094,True
2021-05-08 08:00:00+00:00,276,BUY,Base,58500.0,58529.25,0.007,0.007,58529.25,409.70475,0.204852375,0.20475000000000002,,True,,False
2021-05-08 08:15:00+00:00,276,SELL,trailing_stop_same_bar,59055.91,59026.382045000006,0.007,0.0,58529.25,413.18467431500005,0.20659233715750003,0.20669568499998422,,True,3.4799243150000403,True
2021-05-08 12:00:00+00:00,277,BUY,Base,58593.08,58622.37654,0.007,0.007,58622.37654,410.35663578,0.20517831789,0.20507577999997012,,True,,False
2021-05-08 13:45:00+00:00,277,SELL,trailing_stop,59216.12155,59186.513489225006,0.007,0.0,58622.37654,414.3055944245751,0.20715279721228755,0.207256425424981,,True,3.948958644575061,False
2021-05-08 16:00:00+00:00,278,BUY,Base,57660.76,57689.59038,0.008,0.008,57689.59038,461.51672304000004,0.23075836152000004,0.2306430399999954,,True,,False
2021-05-08 17:00:00+00:00,278,SELL,trailing_stop,58284.0553,58254.91327235,0.008,0.0,57689.59038,466.0393061788,0.2330196530894,0.23313622119999491,,True,4.522583138799994,False
2021-05-08 20:00:00+00:00,279,BUY,Base,59097.41,59126.958705,0.007,0.007,59126.958705,413.888710935,0.2069443554675,0.2068409349999565,,True,,False
2021-05-09 12:55:00+00:00,279,BUY,SO1,56761.88035679999,56790.26129697839,0.007,0.014,57958.610000989196,397.5318290788487,0.19876591453942435,0.19866658124876269,,True,,False
2021-05-10 01:10:00+00:00,279,SELL,trailing_stop,58763.79455,58734.412652725005,0.014,0.0,57958.610000989196,822.2817771381501,0.41114088856907505,0.41134656184991764,,True,10.861237124301319,False
2021-05-10 04:00:00+00:00,280,BUY,Base,59428.56,59458.27428,0.007,0.007,59458.27428,416.20791995999997,0.20810395998,0.207999960000001,,True,,False
2021-05-10 14:55:00+00:00,280,BUY,SO1,57079.94330879999,57108.48328045439,0.007,0.014,58283.3787802272,399.75938296318077,0.19987969148159038,0.19977980158078573,,True,,False
2021-05-10 20:00:00+00:00,280,BUY,SO2,54107.0295948,54134.0831095974,0.007,0.021,56900.2802233506,378.9385817671818,0.1894692908835909,0.18937460358180397,,True,,False
2021-05-12 03:40:00+00:00,280,SELL,trailing_stop_same_bar,57399.57,57370.870215,0.021,0.0,56900.2802233506,1204.7882745150002,0.6023941372575001,0.6026954849999384,,True,9.882389824637437,True
2021-05-12 04:00:00+00:00,281,BUY,Base,57815.71,57844.617855,0.008,0.008,57844.617855,462.75694283999997,0.23137847141999998,0.23126283999998123,,True,,False
2021-05-12 15:25:00+00:00,281,BUY,SO1,55530.833140799994,55558.59855737039,0.007,0.015,56777.80884943951,388.91018990159273,0.19445509495079638,0.19435791599275398,,True,,False
2021-05-12 22:10:00+00:00,281,BUY,SO2,52638.602248049996,52664.92154917402,0.007,0.022,55469.16289026414,368.65445084421816,0.18432722542210908,0.18423510786815314,,True,,False
2021-05-12 23:55:00+00:00,281,BUY,SO3,48589.47899819999,48613.77373769909,0.008,0.03,53641.05911624679,388.91018990159273,0.19445509495079638,0.19435791599279037,,True,,False
2021-05-17 03:55:00+00:00,281,BUY,SO4,42805.0172127,42826.419721306345,0.009000000000000001,0.039,51145.373102029764,385.4377774917572,0.19271888874587859,0.1926225774571358,,True,,False
2021-05-19 12:50:00+00:00,281,BUY,SO5,34706.770713,34724.12409835649,0.011,0.05,47532.69832122164,381.9653650819214,0.1909826825409607,0.1908872389214448,,True,,False
2021-08-14 09:40:00+00:00,281,SELL,trailing_stop_same_bar,47826.77,47802.856615,0.05,0.0,47532.69832122164,2390.14283075,1.195071415375,1.1956692499999917,,True,13.507914688918028,True
2021-08-14 12:00:00+00:00,282,BUY,Base,46579.99,46603.279995,0.01,0.01,46603.279995,466.03279994999997,0.23301639997499998,0.2328999499999918,,True,,False
2021-08-14 19:40:00+00:00,282,SELL,trailing_stop_same_bar,46848.82,46825.39559,0.01,0.0,46603.279995,468.2539559,0.23412697795,0.23424409999999626,,True,2.2211559500000293,True
2021-08-14 20:00:00+00:00,283,BUY,Base,47044.67,47068.19233499999,0.009000000000000001,0.009000000000000001,47068.19233499999,423.613731015,0.2118068655075,0.21170101499994784,,True,,False
2021-08-16 00:20:00+00:00,283,SELL,trailing_stop_same_bar,47608.1232,47584.3191384,0.009000000000000001,0.0,47068.19233499999,428.25887224560006,0.21412943612280003,0.21423655439999859,,True,4.645141230600086,True
2021-08-16 04:00:00+00:00,284,BUY,Base,47391.89,47415.585945,0.009000000000000001,0.009000000000000001,47415.585945,426.74027350500006,0.21337013675250002,0.21326350499999538,,True,,False
2021-08-17 00:20:00+00:00,284,BUY,SO1,45518.9625072,45541.721988453595,0.008,0.017,46533.767612507574,364.33377590762876,0.1821668879538144,0.1820758500287775,,True,,False
2021-08-20 00:20:00+00:00,284,SELL,trailing_stop_same_bar,47009.11,46985.605445,0.017,0.0,46533.767612507574,798.7552925650001,0.39937764628250005,0.399577434999992,,True,7.681243152371259,True
2021-08-20 04:00:00+00:00,285,BUY,Base,47092.39,47115.936194999995,0.01,0.01,47115.936194999995,471.15936194999995,0.23557968097499998,0.2354619499999535,,True,,False
2021-08-20 14:35:00+00:00,285,SELL,trailing_stop_same_bar,47924.71,47900.747645,0.01,0.0,47115.936194999995,479.00747645,0.239503738225,0.23962354999996024,,True,7.848114500000084,True
2021-08-20 16:00:00+00:00,286,BUY,Base,48750.99,48775.365495,0.009000000000000001,0.009000000000000001,48775.365495,438.97828945500004,0.21948914472750003,0.21937945500000208,,True,,False
2021-08-21 16:25:00+00:00,286,SELL,trailing_stop_same_bar,49385.13,49360.437435,0.009000000000000001,0.0,48775.365495,444.24393691500006,0.22212196845750004,0.22223308499997804,,True,5.265647460000015,True
2021-08-21 20:00:00+00:00,287,BUY,Base,48999.94,49024.43997,0.009000000000000001,0.009000000000000001,49024.43997,441.21995973,0.22060997986500003,0.2204997299999741,,True,,False
2021-08-23 01:20:00+00:00,287,SELL,trailing_stop_same_bar,49450.0,49425.275,0.009000000000000001,0.0,49024.43997,444.82747500000005,0.22241373750000004,0.22252499999998693,,True,3.6075152700000186,True
2021-08-23 04:00:00+00:00,288,BUY,Base,50306.82,50331.97341,0.009000000000000001,0.009000000000000001,50331.97341,452.98776069,0.226493880345,0.2263806899999909,,True,,False
2021-08-24 15:55:00+00:00,288,BUY,SO1,48318.6944736,48342.8538208368,0.008,0.017,49395.91713274673,386.7428305666944,0.1933714152833472,0.193274777894374,,True,,False
2021-09-02 07:00:00+00:00,288,SELL,trailing_stop_same_bar,49983.8449,49958.85297755,0.017,0.0,49395.91713274673,849.30050061835,0.424650250309175,0.4248626816499527,,True,9.569909361655636,True
2021-09-02 08:00:00+00:00,289,BUY,Base,49891.08,49916.02554,0.009000000000000001,0.009000000000000001,49916.02554,449.2442298600001,0.22462211493000003,0.2245098600000056,,True,,False
2021-09-03 10:40:00+00:00,289,SELL,trailing_stop_same_bar,50202.86,50177.758570000005,0.009000000000000001,0.0,49916.02554,451.5998271300001,0.22579991356500007,0.2259128699999565,,True,2.3555972700000276,True
2021-09-03 12:00:00+00:00,290,BUY,Base,50203.77,50228.87188499999,0.009000000000000001,0.009000000000000001,50228.87188499999,452.059846965,0.2260299234825,0.22591696499996763,,True,,False
2021-09-03 12:30:00+00:00,290,SELL,trailing_stop_same_bar,50125.81,50100.747095,0.009000000000000001,0.0,50228.87188499999,450.90672385500005,0.22545336192750004,0.2255661449999898,,True,-1.1531231099999497,True
2021-09-03 16:00:00+00:00,291,BUY,Base,50589.99,50615.284994999995,0.009000000000000001,0.009000000000000001,50615.284994999995,455.537564955,0.22776878247750001,0.22765495499996907,,True,,False
2021-09-05 20:50:00+00:00,291,SELL,trailing_stop_same_bar,51008.9,50983.39555,0.009000000000000001,0.0,50615.284994999995,458.85055995000005,0.22942527997500003,0.22954005000000327,,True,3.3129949950000595,True
2021-09-06 00:00:00+00:00,292,BUY,Base,51799.56,51825.45978,0.009000000000000001,0.009000000000000001,51825.45978,466.42913802000004,0.23321456901,0.23309801999999766,,True,,False
2021-09-06 23:00:00+00:00,292,SELL,trailing_stop_same_bar,52506.15,52479.896925,0.009000000000000001,0.0,51825.45978,472.31907232500004,0.23615953616250002,0.23627767500000485,,True,5.889934305000033,True
2021-09-07 00:00:00+00:00,293,BUY,Base,52683.98,52710.32199,0.009000000000000001,0.009000000000000001,52710.32199,474.39289791000004,0.23719644895500003,0.2370779099999418,,True,,False
2021-09-07 09:40:00+00:00,293,BUY,SO1,50601.909110399996,50627.210064955194,0.008,0.017,51730.03402527303,405.01768051964154,0.20250884025982077,0.2024076364415814,,True,,False
2021-09-07 14:55:00+00:00,293,BUY,SO2,47966.3930109,47990.37620740545,0.008,0.025,50533.34352355541,383.9230096592436,0.1919615048296218,0.19186557204357815,,True,,False
2021-09-07 15:05:00+00:00,293,BUY,SO3,44276.670471599995,44298.80880683579,0.009000000000000001,0.034,48883.0255103061,398.68927926152213,0.19934463963076107,0.19924501712215717,,True,,False
2021-10-05 00:40:00+00:00,293,SELL,trailing_stop_same_bar,49412.22,49387.51389,0.034,0.0,48883.0255103061,1679.17547226,0.83958773613,0.8400077399999719,,True,17.152604909592704,True
2021-10-05 04:00:00+00:00,294,BUY,Base,49277.77,49302.408885,0.009000000000000001,0.009000000000000001,49302.408885,443.721679965,0.2218608399825,0.22174996500000274,,True,,False
2021-10-05 09:15:00+00:00,294,SELL,trailing_stop_same_bar,49844.6245,49819.70218775,0.009000000000000001,0.0,49302.408885,448.37731968975004,0.22418865984487502,0.22430081024997348,,True,4.655639724750036,True
2021-10-05 12:00:00+00:00,295,BUY,Base,49849.99,49874.91499499999,0.009000000000000001,0.009000000000000001,49874.91499499999,448.87423495499996,0.22443711747749998,0.2243249549999455,,True,,False
2021-10-05 18:25:00+00:00,295,SELL,trailing_stop_same_bar,50444.45,50419.227775,0.009000000000000001,0.0,49874.91499499999,453.77304997500005,0.22688652498750003,0.2270000249999794,,True,4.898815020000068,True
2021-10-05 20:00:00+00:00,296,BUY,Base,51164.86,51190.442429999996,0.009000000000000001,0.009000000000000001,51190.442429999996,460.71398187,0.230356990935,0.23024186999995438,,True,,False
2021-10-06 12:20:00+00:00,296,SELL,trailing_stop_same_bar,51781.6,51755.709200000005,0.009000000000000001,0.0,51190.442429999996,465.8013828000001,0.23290069140000005,0.23301719999994386,,True,5.087400930000084,True
2021-10-06 16:00:00+00:00,297,BUY,Base,55014.04,55041.54702,0.008,0.008,55041.54702,440.33237615999997,0.22016618808,0.22005615999997827,,True,,False
2021-10-08 08:35:00+00:00,297,SELL,trailing_stop_same_bar,55461.68,55433.949160000004,0.008,0.0,55041.54702,443.47159328000004,0.22173579664,0.22184671999997227,,True,3.139217120000045,True
2021-10-08 12:00:00+00:00,298,BUY,Base,55301.0,55328.650499999996,0.008,0.008,55328.650499999996,442.62920399999996,0.22131460199999997,0.22120399999996881,,True,,False
2021-10-10 05:00:00+00:00,298,SELL,trailing_stop_same_bar,55884.68245,55856.740108775004,0.008,0.0,55328.650499999996,446.85392087020006,0.22342696043510002,0.22353872979996958,,True,4.224716870200064,True
2021-10-10 08:00:00+00:00,299,BUY,Base,55699.0,55726.8495,0.008,0.008,55726.8495,445.814796,0.222907398,0.222795999999973,,True,,False
2021-10-10 20:25:00+00:00,299,SELL,trailing_stop_same_bar,56025.06,55997.04747,0.008,0.0,55726.8495,447.97637976,0.22398818988,0.22410023999999976,,True,2.1615837600000085,True
2021-10-11 00:00:00+00:00,300,BUY,Base,54700.0,54727.35,0.008,0.008,54727.35,437.8188,0.2189094,0.21879999999998836,,True,,False
2021-10-11 01:55:00+00:00,300,SELL,trailing_stop,55387.67,55359.976165,0.008,0.0,54727.35,442.87980932,0.22143990466,0.22155067999998573,,True,5.061009320000012,False
2021-10-11 04:00:00+00:00,301,BUY,Base,56538.24,56566.509119999995,0.008,0.008,56566.509119999995,452.53207296,0.22626603648,0.22615295999997762,,True,,False
2021-10-11 14:00:00+00:00,301,SELL,trailing_stop,57152.8,57124.223600000005,0.008,0.0,56566.509119999995,456.99378880000006,0.22849689440000004,0.22861119999998483,,True,4.461715840000077,False
2021-10-11 16:00:00+00:00,302,BUY,Base,57500.0,57528.75,0.008,0.008,57528.75,460.23,0.23011500000000001,0.23,,True,,False
2021-10-12 19:55:00+00:00,302,BUY,SO1,55227.6,55255.2138,0.007,0.015,56467.76644,386.78649659999996,0.1933932483,0.1932965999999942,,True,,False
2021-10-13 20:10:00+00:00,302,SELL,trailing_stop_same_bar,57245.335,57216.7123325,0.015,0.0,56467.76644,858.2506849875,0.42912534249375,0.4293400124999971,,True,11.234188387499998,True
2021-10-14 00:00:00+00:00,303,BUY,Base,57393.65,57422.346825,0.008,0.008,57422.346825,459.3787746,0.2296893873,0.22957459999999263,,True,,False
2021-10-14 01:00:00+00:00,303,SELL,trailing_stop_same_bar,57750.8,57721.924600000006,0.008,0.0,57422.346825,461.77539680000007,0.23088769840000004,0.23100319999997737,,True,2.3966222000000417,True
2021-10-14 04:00:00+00:00,304,BUY,Base,58117.79,58146.848894999996,0.008,0.008,58146.848894999996,465.17479116,0.23258739558,0.23247115999995732,,True,,False
2021-10-15 02:35:00+00:00,304,SELL,trailing_stop_same_bar,58818.12,58788.710940000004,0.008,0.0,58146.848894999996,470.30968752000007,0.23515484376000004,0.23527247999998507,,True,5.134896360000072,True
2021-10-15 04:00:00+00:00,305,BUY,Base,59445.05,59474.772525,0.008,0.008,59474.772525,475.7981802,0.2378990901,0.23778019999997924,,True,,False
2021-10-15 13:55:00+00:00,305,SELL,trailing_stop_same_bar,60085.5,60055.45725000001,0.008,0.0,59474.772525,480.4436580000001,0.24022182900000005,0.240341999999946,,True,4.645477800000052,True
2021-10-15 16:00:00+00:00,306,BUY,Base,60086.78,60116.82339,0.008,0.008,60116.82339,480.93458712,0.24046729356000002,0.24034711999999128,,True,,False
2021-10-15 16:40:00+00:00,306,SELL,trailing_stop_same_bar,60939.55,60909.080225000005,0.008,0.0,60116.82339,487.27264180000003,0.2436363209,0.24375819999998202,,True,6.3380546800000594,True
2021-10-15 20:00:00+00:00,307,BUY,Base,61507.6,61538.3538,0.007,0.007,61538.3538,430.7684766,0.2153842383,0.21527659999999013,,True,,False
2021-10-15 20:15:00+00:00,307,SELL,trailing_stop_same_bar,61464.86,61434.127570000004,0.007,0.0,61538.3538,430.03889299,0.21501944649500002,0.2151270099999747,,True,-0.7295836099999505,True
2021-10-16 00:00:00+00:00,308,BUY,Base,61702.33,61733.181165,0.007,0.007,61733.181165,432.132268155,0.21606613407750003,0.21595815500000026,,True,,False
2021-10-17 20:00:00+00:00,308,BUY,SO1,59263.8539184,59293.485845359195,0.007,0.014,60513.3335051796,415.0544009175144,0.2075272004587572,0.20742348871439026,,True,,False
2021-10-17 23:10:00+00:00,308,SELL,trailing_stop_same_bar,61391.62,61360.924190000005,0.014,0.0,60513.3335051796,859.0529386600001,0.42952646933000005,0.4297413399999641,,True,11.866269587485643,True
2021-10-18 00:00:00+00:00,309,BUY,Base,61571.45,61602.23572499999,0.007,0.007,61602.23572499999,431.2156500749999,0.21560782503749998,0.2155000749999599,,True,,False
2021-10-18 00:35:00+00:00,309,SELL,trailing_stop_same_bar,62234.11575,62202.998692125,0.007,0.0,61602.23572499999,435.420990844875,0.2177104954224375,0.2178194051249666,,True,4.205340769875074,True
2021-10-18 04:00:00+00:00,310,BUY,Base,62175.0,62206.087499999994,0.007,0.007,62206.0875,435.4426125,0.21772130625,0.21761249999995927,,True,,False
2021-10-19 13:30:00+00:00,310,SELL,trailing_stop_same_bar,62592.13,62560.833935,0.007,0.0,62206.0875,437.92583754500004,0.21896291877250001,0.21907245499996497,,True,2.4832250450000064,True
2021-10-19 16:00:00+00:00,311,BUY,Base,62427.1,62458.31354999999,0.007,0.007,62458.31354999999,437.2081948499999,0.21860409742499998,0.21849484999995183,,True,,False
2021-10-19 17:00:00+00:00,311,SELL,trailing_stop_same_bar,63182.5,63150.90875,0.007,0.0,62458.31354999999,442.05636125,0.22102818062500001,0.2211387499999837,,True,4.848166400000075,True
2021-10-19 20:00:00+00:00,312,BUY,Base,64219.99,64252.099995,0.007,0.007,64252.099995,449.764699965,0.22488234998249998,0.22476996499999222,,True,,False
2021-10-20 13:40:00+00:00,312,SELL,trailing_stop_same_bar,64414.63,64382.422685,0.007,0.0,64252.099995,450.676958795,0.2253384793975,0.22545120499999757,,True,0.9122588300000062,True
2021-10-20 16:00:00+00:00,313,BUY,Base,66918.39,66951.849195,0.007,0.007,66951.849195,468.66294436500004,0.23433147218250003,0.23421436500002166,,True,,False
2021-10-21 02:00:00+00:00,313,BUY,SO1,64273.7752272,64305.9121148136,0.006,0.013000000000000001,65730.6474656832,385.83547268888157,0.1929177363444408,0.19282132568157978,,True,,False
2021-10-21 09:30:00+00:00,313,SELL,trailing_stop_same_bar,66409.7,66376.49515,0.013000000000000001,0.0,65730.6474656832,862.8944369500001,0.43144721847500006,0.4316630499999301,,True,8.396019896118437,True
2021-10-21 12:00:00+00:00,314,BUY,Base,64893.03,64925.476514999995,0.007,0.007,64925.476514999995,454.478335605,0.2272391678025,0.22712560499997198,,True,,False
2021-10-21 15:25:00+00:00,314,BUY,SO1,62328.45745439999,62359.62168312719,0.006,0.013000000000000001,63741.23582336638,374.1577300987631,0.18707886504938157,0.18698537236318225,,True,,False
2021-10-27 08:00:00+00:00,314,BUY,SO2,59082.18362865,59111.72472046432,0.007,0.02,62120.906937350665,413.78207304325025,0.20689103652162513,0.20678764270027022,,True,,False
2021-10-29 16:30:00+00:00,314,SELL,trailing_stop,62754.36145,62722.984269275,0.02,0.0,62120.906937350665,1254.4596853855,0.6272298426927501,0.6275436144998822,,True,12.041546638486762,False
2021-10-29 20:00:00+00:00,315,BUY,Base,62590.98,62622.27549,0.007,0.007,62622.27549,438.35592843,0.21917796421500002,0.21906842999997753,,True,,False
2021-10-31 13:35:00+00:00,315,BUY,SO1,60117.3844704,60147.443162635194,0.007,0.014,61384.85932631759,421.03210213844636,0.2105160510692232,0.2104108456463582,,True,,False
2021-11-01 07:15:00+00:00,315,SELL,trailing_stop_same_bar,62127.8,62096.73610000001,0.014,0.0,61384.85932631759,869.3543054000002,0.43467715270000007,0.4348945999999123,,True,9.96627483155382,True
2021-11-01 08:00:00+00:00,316,BUY,Base,62257.67,62288.798834999994,0.007,0.007,62288.798834999994,436.021591845,0.2180107959225,0.21790184499997123,,True,,False
2021-11-02 09:45:00+00:00,316,SELL,trailing_stop_same_bar,62840.76,62809.339620000006,0.007,0.0,62288.798834999994,439.6653773400001,0.21983268867000005,0.2199426599999715,,True,3.643785495000084,True
2021-11-02 12:00:00+00:00,317,BUY,Base,62989.66,63021.15483,0.007,0.007,63021.15483,441.14808381,0.22057404190500002,0.220463809999972,,True,,False
2021-11-02 14:00:00+00:00,317,SELL,trailing_stop_same_bar,63447.13,63415.406435000004,0.007,0.0,63021.15483,443.90784504500004,0.2219539225225,0.22206495499995071,,True,2.7597612350000347,True
2021-11-02 16:00:00+00:00,318,BUY,Base,64042.66,64074.68133,0.007,0.007,64074.68133,448.52276931,0.224261384655,0.2241493099999716,,True,,False
2021-11-03 18:00:00+00:00,318,BUY,SO1,61511.6940768,61542.449923838394,0.006,0.013000000000000001,62905.959142540785,369.25469954303037,0.18462734977151518,0.18453508223037351,,True,,False
2021-11-08 00:10:00+00:00,318,SELL,trailing_stop_same_bar,63621.90195,63590.090999025,0.013000000000000001,0.0,62905.959142540785,826.6711829873251,0.41333559149366256,0.4135423626749908,,True,8.893714134294795,True
2021-11-08 04:00:00+00:00,319,BUY,Base,65274.99,65307.62749499999,0.007,0.007,65307.62749499999,457.15339246499997,0.2285766962325,0.22846246499996778,,True,,False
2021-11-08 07:10:00+00:00,319,SELL,trailing_stop_same_bar,66143.78,66110.70811,0.007,0.0,65307.62749499999,462.7749567700001,0.23138747838500004,0.23150322999994388,,True,5.621564305000095,True
2021-11-08 08:00:00+00:00,320,BUY,Base,65996.72,66029.71836,0.007,0.007,66029.71836,462.20802852,0.23110401426000002,0.23098851999998443,,True,,False
2021-11-08 23:10:00+00:00,320,SELL,trailing_stop_same_bar,66858.86,66825.43057000001,0.007,0.0,66029.71836,467.7780139900001,0.23388900699500004,0.23400600999992457,,True,5.569985470000087,True
2021-11-09 00:00:00+00:00,321,BUY,Base,67606.96,67640.76348000001,0.007,0.007,67640.76348000001,473.48534436000006,0.23674267218000003,0.23662436000001616,,True,,False
2021-11-09 03:55:00+00:00,321,SELL,trailing_stop_same_bar,68277.41,68243.27129500001,0.007,0.0,67640.76348000001,477.7028990650001,0.23885144953250007,0.23897093499993208,,True,4.2175547050000315,True
2021-11-09 04:00:00+00:00,322,BUY,Base,68563.99,68598.271995,0.007,0.007,68598.271995,480.18790396500003,0.24009395198250003,0.23997396499998286,,True,,False
2021-11-10 13:30:00+00:00,322,BUY,SO1,65854.3411152,65887.2682857576,0.006,0.013000000000000001,67347.0395138112,395.3236097145456,0.1976618048572728,0.19756302334557405,,True,,False
2021-11-10 14:00:00+00:00,322,SELL,trailing_stop_same_bar,68037.38,68003.36131000001,0.013000000000000001,0.0,67347.0395138112,884.0436970300002,0.4420218485150001,0.442242969999963,,True,8.532183350454405,True
2021-11-10 16:00:00+00:00,323,BUY,Base,68398.96,68433.15948,0.007,0.007,68433.15948,479.03211636000003,0.23951605818000002,0.23939635999996972,,True,,False
2021-11-10 20:50:00+00:00,323,BUY,SO1,65695.8331008,65728.68101735039,0.006,0.013000000000000001,67184.93865108478,394.3720861041024,0.1971860430520512,0.19708749930237537,,True,,False
2021-11-16 01:00:00+00:00,323,BUY,SO2,62274.1751268,62305.312214363395,0.006,0.019000000000000003,65644.00398685697,373.8318732861804,0.1869159366430902,0.18682252538036848,,True,,False
2021-11-18 16:20:00+00:00,323,BUY,SO3,57483.8539632,57512.5958901816,0.007,0.026000000000000002,63454.778730059756,402.5881712312712,0.2012940856156356,0.20119348887116212,,True,,False
2021-12-03 20:15:00+00:00,323,BUY,SO4,50640.5380152,50665.8582842076,0.008,0.034,60445.62097809454,405.3268662736608,0.2026634331368304,0.2025621520607965,,True,,False
2021-12-04 05:25:00+00:00,323,BUY,SO5,41059.895688,41080.425635843996,0.01,0.044000000000000004,56044.44021849214,410.80425635843994,0.20540212817922,0.20529947843999252,,True,,False
2022-06-13 23:30:00+00:00,323,SELL,hard_equity_floor,21900.0,21889.050000000003,0.044000000000000004,0.0,56044.44021849214,963.1182000000002,0.48155910000000013,0.481799999999872,,True,-1502.8371696136542,False
